-- MySQL dump 10.13  Distrib 5.7.12, for Win64 (x86_64)
--
-- Host: localhost    Database: jpruebas
-- ------------------------------------------------------
-- Server version	5.7.17-log

/*!40101 SET @OLD_CHARACTER_SET_CLIENT=@@CHARACTER_SET_CLIENT */;
/*!40101 SET @OLD_CHARACTER_SET_RESULTS=@@CHARACTER_SET_RESULTS */;
/*!40101 SET @OLD_COLLATION_CONNECTION=@@COLLATION_CONNECTION */;
/*!40101 SET NAMES utf8 */;
/*!40103 SET @OLD_TIME_ZONE=@@TIME_ZONE */;
/*!40103 SET TIME_ZONE='+00:00' */;
/*!40014 SET @OLD_UNIQUE_CHECKS=@@UNIQUE_CHECKS, UNIQUE_CHECKS=0 */;
/*!40014 SET @OLD_FOREIGN_KEY_CHECKS=@@FOREIGN_KEY_CHECKS, FOREIGN_KEY_CHECKS=0 */;
/*!40101 SET @OLD_SQL_MODE=@@SQL_MODE, SQL_MODE='NO_AUTO_VALUE_ON_ZERO' */;
/*!40111 SET @OLD_SQL_NOTES=@@SQL_NOTES, SQL_NOTES=0 */;

--
-- Table structure for table `jos_componentarchitect_codetemplates`
--

DROP TABLE IF EXISTS `jos_componentarchitect_codetemplates`;
/*!40101 SET @saved_cs_client     = @@character_set_client */;
/*!40101 SET character_set_client = utf8 */;
CREATE TABLE `jos_componentarchitect_codetemplates` (
  `id` int(10) unsigned NOT NULL AUTO_INCREMENT,
  `name` varchar(255) NOT NULL DEFAULT '',
  `description` mediumtext NOT NULL,
  `version` varchar(15) NOT NULL DEFAULT '',
  `source_path` varchar(255) NOT NULL DEFAULT '',
  `predefined_code_template` tinyint(1) NOT NULL DEFAULT '0',
  `generate_predefined_fields` tinyint(1) NOT NULL DEFAULT '0',
  `multiple_category_objects` tinyint(1) NOT NULL DEFAULT '0',
  `platform` varchar(25) NOT NULL DEFAULT '',
  `platform_version` varchar(50) NOT NULL DEFAULT '',
  `coding_language` varchar(100) NOT NULL DEFAULT '',
  `template_component_name` varchar(50) NOT NULL DEFAULT '',
  `template_object_name` varchar(50) NOT NULL DEFAULT '',
  `template_markup_prefix` varchar(50) NOT NULL DEFAULT '',
  `template_markup_suffix` varchar(50) NOT NULL DEFAULT '',
  `catid` int(10) unsigned NOT NULL DEFAULT '0',
  `state` tinyint(1) NOT NULL DEFAULT '0',
  `created` datetime NOT NULL DEFAULT '0000-00-00 00:00:00',
  `created_by` int(10) unsigned NOT NULL DEFAULT '0',
  `created_by_alias` varchar(255) NOT NULL DEFAULT '',
  `modified` datetime NOT NULL DEFAULT '0000-00-00 00:00:00',
  `modified_by` int(10) unsigned NOT NULL DEFAULT '0',
  `checked_out` int(10) unsigned NOT NULL DEFAULT '0',
  `checked_out_time` datetime NOT NULL DEFAULT '0000-00-00 00:00:00',
  `ordering` int(11) NOT NULL DEFAULT '0',
  PRIMARY KEY (`id`),
  KEY `idx_checkout` (`checked_out`),
  KEY `idx_createdby` (`created_by`),
  KEY `idx_catid` (`catid`),
  KEY `idx_predefined_code_template` (`predefined_code_template`),
  KEY `idx_ordering` (`ordering`),
  KEY `idx_state` (`state`),
  CONSTRAINT `cact_catid` FOREIGN KEY (`catid`) REFERENCES `jos_categories` (`id`) ON DELETE CASCADE ON UPDATE CASCADE,
  CONSTRAINT `cact_createdby` FOREIGN KEY (`created_by`) REFERENCES `jos_users` (`id`) ON DELETE CASCADE ON UPDATE CASCADE
) ENGINE=InnoDB AUTO_INCREMENT=4 DEFAULT CHARSET=utf8;
/*!40101 SET character_set_client = @saved_cs_client */;

--
-- Dumping data for table `jos_componentarchitect_codetemplates`
--

LOCK TABLES `jos_componentarchitect_codetemplates` WRITE;
/*!40000 ALTER TABLE `jos_componentarchitect_codetemplates` DISABLE KEYS */;
INSERT INTO `jos_componentarchitect_codetemplates` VALUES (1,'J 3.3 Standard','<p>Developed from the core Joomla! components of com_content (Articles) and com_contact (Contacts), as they are provided in Joomla! 3.3.</p>\n<p>This template is coded so that selectable core parts of a Joomla! component (e.g. admin section, blog/article layouts, plugins and modules) and Joomla! fields/features can be fully included/excluded from the generated components.\n<p>For further details of the Joomla! Parts generation and Joomla! Fields/Features inclusion for this code template please use the Help system installed with Component Architect Pro or visit the Documentation section of our website at \'www.componentarchitect.com/documentation.html\'.</p>','1.0.5','j_3_3_standard',1,0,0,'Joomla','3.3','PHP,JAVASCRIPT,XML,CSS','architect comp','comp object','[%%','%%]',87,0,'2017-08-04 19:38:55',1,'','2017-08-04 19:38:55',1,0,'0000-00-00 00:00:00',0),
(2,'J 3.4 Standard','<p>Developed from the core Joomla! components of com_content (Articles) and com_contact (Contacts), as they are provided in Joomla! 3.4.</p>\n<p>This template is coded so that selectable core parts of a Joomla! component (e.g. admin section, blog/article layouts, plugins and modules) and Joomla! fields/features can be fully included/excluded from the generated components.\n<p>For further details of the Joomla! Parts generation and Joomla! Fields/Features inclusion for this code template please use the Help system installed with Component Architect Pro or visit the Documentation section of our website at \'www.componentarchitect.com/documentation.html\'.</p>','1.0.1','j_3_4_standard',1,0,0,'Joomla','3.4','PHP,JAVASCRIPT,XML,CSS','architect comp','comp object','[%%','%%]',87,1,'2017-08-04 19:38:55',1,'','2017-08-04 19:38:55',1,1,'2017-09-20 15:02:31',0),
(3,'J 3.4 Test','Copia de J 3.4 Standard para pruebas','1.0.0','j_3_4_test',1,0,0,'Joomla','3.4','PHP,JAVASCRIPT,XML,CSS','architect comp','comp object','[%%','%%]',87,1,'2017-08-04 19:38:55',1,'','2017-08-04 19:38:55',1,0,'0000-00-00 00:00:00',0);
/*!40000 ALTER TABLE `jos_componentarchitect_codetemplates` ENABLE KEYS */;
UNLOCK TABLES;

--
-- Table structure for table `jos_componentarchitect_componentobjects`
--

DROP TABLE IF EXISTS `jos_componentarchitect_componentobjects`;
/*!40101 SET @saved_cs_client     = @@character_set_client */;
/*!40101 SET character_set_client = utf8 */;
CREATE TABLE `jos_componentarchitect_componentobjects` (
  `id` int(10) unsigned NOT NULL AUTO_INCREMENT,
  `name` varchar(255) NOT NULL DEFAULT '',
  `description` mediumtext NOT NULL,
  `component_id` int(10) unsigned NOT NULL DEFAULT '0',
  `readonly` tinyint(1) NOT NULL DEFAULT '0',
  `plural_name` varchar(50) NOT NULL DEFAULT '',
  `code_name` varchar(50) NOT NULL DEFAULT '',
  `plural_code_name` varchar(50) NOT NULL DEFAULT '',
  `short_name` varchar(50) NOT NULL DEFAULT '',
  `short_plural_name` varchar(50) NOT NULL DEFAULT '',
  `default_fieldset_id` int(10) NOT NULL DEFAULT '0',
  `icon_16px` varchar(255) NOT NULL DEFAULT '',
  `icon_48px` varchar(255) NOT NULL DEFAULT '',
  `joomla_parts` varchar(1024) NOT NULL DEFAULT '',
  `joomla_features` varchar(1024) NOT NULL DEFAULT '',
  `state` tinyint(1) NOT NULL DEFAULT '0',
  `created` datetime NOT NULL DEFAULT '0000-00-00 00:00:00',
  `created_by` int(10) unsigned NOT NULL DEFAULT '0',
  `created_by_alias` varchar(255) NOT NULL DEFAULT '',
  `modified` datetime NOT NULL DEFAULT '0000-00-00 00:00:00',
  `modified_by` int(10) unsigned NOT NULL DEFAULT '0',
  `checked_out` int(10) unsigned NOT NULL DEFAULT '0',
  `checked_out_time` datetime NOT NULL DEFAULT '0000-00-00 00:00:00',
  `version` int(10) unsigned NOT NULL DEFAULT '1',
  `ordering` int(11) NOT NULL DEFAULT '0',
  PRIMARY KEY (`id`),
  KEY `idx_checkout` (`checked_out`),
  KEY `idx_createdby` (`created_by`),
  KEY `idx_component_id` (`component_id`),
  KEY `idx_ordering` (`ordering`),
  KEY `idx_state` (`state`),
  CONSTRAINT `caco_componentid` FOREIGN KEY (`component_id`) REFERENCES `jos_componentarchitect_components` (`id`) ON DELETE CASCADE ON UPDATE CASCADE,
  CONSTRAINT `caco_createdby` FOREIGN KEY (`created_by`) REFERENCES `jos_users` (`id`) ON DELETE CASCADE ON UPDATE CASCADE
) ENGINE=InnoDB AUTO_INCREMENT=61 DEFAULT CHARSET=utf8;
/*!40101 SET character_set_client = @saved_cs_client */;

--
-- Dumping data for table `jos_componentarchitect_componentobjects`
--

LOCK TABLES `jos_componentarchitect_componentobjects` WRITE;
/*!40000 ALTER TABLE `jos_componentarchitect_componentobjects` DISABLE KEYS */;
INSERT INTO `jos_componentarchitect_componentobjects` VALUES (1,'Libro de ejemplo','<p>13:46:50el libro de ejeplo sliver para ......</p>',1,0,'ejemplos','ejemplo_s','ejemplo','Ejemplo','Ejemplos',1,'','','{\"generate_admin\":\"1\",\"generate_site\":\"1\",\"generate_site_views\":\"1\",\"generate_site_layout_article\":\"1\",\"generate_site_layout_blog\":\"1\",\"generate_admin_dashboard\":\"1\",\"generate_categories\":\"1\",\"generate_categories_site_views_categories\":\"1\",\"generate_categories_site_views_category\":\"1\",\"generate_plugins\":\"1\",\"generate_plugins_search\":\"1\",\"generate_plugins_finder\":\"1\",\"generate_plugins_itemnavigation\":\"1\",\"generate_plugins_vote\":\"1\",\"generate_plugins_pagebreak\":\"1\",\"generate_plugins_emailcloak\":\"1\",\"generate_plugins_loadmodule\":\"1\",\"generate_plugins_events\":\"1\",\"generate_modules\":\"1\"}','{\"include_access\":\"\",\"include_alias\":\"\",\"include_assetacl\":\"\",\"include_assetacl_record\":\"\",\"include_batch\":\"\",\"include_checkout\":\"\",\"include_copy\":\"\",\"include_created\":\"\",\"include_description\":\"\",\"include_featured\":\"\",\"include_hits\":\"\",\"include_image\":\"\",\"include_intro\":\"\",\"include_language\":\"\",\"include_metadata\":\"\",\"include_microdata\":\"\",\"include_modified\":\"\",\"include_name\":\"\",\"include_ordering\":\"\",\"include_params_global\":\"\",\"include_params_menu\":\"\",\"include_params_record\":\"\",\"include_published_dates\":\"\",\"include_status\":\"\",\"include_tags\":\"\",\"include_urls\":\"\",\"include_versions\":\"\"}',1,'2017-08-19 19:39:21',1,'','2017-10-29 23:06:19',1,0,'0000-00-00 00:00:00',7,2),
(2,'LIBRO DE GOBIERNO','',8,0,'jc01','jc01_s','jc01','2','jc01',33,'','','{\"generate_admin\":\"1\",\"generate_site\":\"1\",\"generate_site_views\":\"1\",\"generate_site_layout_article\":\"0\",\"generate_site_layout_blog\":\"0\",\"generate_admin_dashboard\":\"1\",\"generate_categories\":\"1\",\"generate_categories_site_views_categories\":\"1\",\"generate_categories_site_views_category\":\"1\",\"generate_plugins\":\"0\",\"generate_plugins_search\":\"0\",\"generate_plugins_finder\":\"0\",\"generate_plugins_itemnavigation\":\"0\",\"generate_plugins_vote\":\"0\",\"generate_plugins_pagebreak\":\"0\",\"generate_plugins_emailcloak\":\"0\",\"generate_plugins_loadmodule\":\"0\",\"generate_plugins_events\":\"0\",\"generate_modules\":\"0\"}','{\"include_access\":\"\",\"include_alias\":\"\",\"include_assetacl\":\"\",\"include_assetacl_record\":\"\",\"include_batch\":\"\",\"include_checkout\":\"\",\"include_copy\":\"\",\"include_created\":\"\",\"include_description\":\"\",\"include_featured\":\"\",\"include_hits\":\"\",\"include_image\":\"\",\"include_intro\":\"\",\"include_language\":\"\",\"include_metadata\":\"\",\"include_microdata\":\"\",\"include_modified\":\"\",\"include_name\":\"\",\"include_ordering\":\"\",\"include_params_global\":\"\",\"include_params_menu\":\"\",\"include_params_record\":\"\",\"include_published_dates\":\"\",\"include_status\":\"\",\"include_tags\":\"\",\"include_urls\":\"\",\"include_versions\":\"\"}',1,'2017-08-19 19:39:21',1,'','2017-10-27 22:45:52',1,0,'0000-00-00 00:00:00',3,1),
(3,'LIBRETA DE REGISTRO DE SENTENCIAS -TURNO- (OFICIAL)','<p>se identificó que el campo \"FIRMA DE QUIEN RECIBE LAS CONSTANCIAS\" pertenece a un empleado del recinto</p>\r\n<p>CHANGELOG</p>\r\n<p>20170922 Separé el campo \"NOMBRE Y FIRMA DE RECEPCIÓN DE LAS CONSTANCIAS\" por \"NOMBRE DE QUIEN RECIBE LAS CONSTANCIAS\" Y \"FIRMA DE QUIEN RECIBE LAS CONSTANCIAS\"</p>\r\n<p>20171001 En reunión 29092017 con la DEGT se identificó que el campo \"FIRMA DE QUIEN RECIBE LAS CONSTANCIAS\" pertenece a un empleado del recinto por lo que se quitó el campo de captura \"NOMBRE DE QUIEN RECIBE LAS CONSTANCIAS\".</p>',2,0,'LIBRETA DE REGISTRO DE SENTENCIAS -TURNO','lsc01','ls01s','2','2s',4,'images/open_icon_library-standard/icons/png/16x16/actions/address-book-new.png','images/open_icon_library-standard/icons/png/48x48/actions/address-book-new.png','{\"generate_admin\":\"1\",\"generate_site\":\"1\",\"generate_site_views\":\"1\",\"generate_site_layout_article\":\"1\",\"generate_site_layout_blog\":\"1\",\"generate_admin_dashboard\":\"1\",\"generate_categories\":\"1\",\"generate_categories_site_views_categories\":\"1\",\"generate_categories_site_views_category\":\"1\",\"generate_plugins\":\"1\",\"generate_plugins_search\":\"1\",\"generate_plugins_finder\":\"1\",\"generate_plugins_itemnavigation\":\"1\",\"generate_plugins_vote\":\"1\",\"generate_plugins_pagebreak\":\"1\",\"generate_plugins_emailcloak\":\"1\",\"generate_plugins_loadmodule\":\"1\",\"generate_plugins_events\":\"1\",\"generate_modules\":\"1\"}','{\"include_access\":\"\",\"include_alias\":\"\",\"include_assetacl\":\"\",\"include_assetacl_record\":\"\",\"include_batch\":\"\",\"include_checkout\":\"\",\"include_copy\":\"\",\"include_created\":\"\",\"include_description\":\"\",\"include_featured\":\"\",\"include_hits\":\"\",\"include_image\":\"\",\"include_intro\":\"\",\"include_language\":\"\",\"include_metadata\":\"\",\"include_microdata\":\"\",\"include_modified\":\"\",\"include_name\":\"\",\"include_ordering\":\"\",\"include_params_global\":\"\",\"include_params_menu\":\"\",\"include_params_record\":\"\",\"include_published_dates\":\"\",\"include_status\":\"\",\"include_tags\":\"\",\"include_urls\":\"\",\"include_versions\":\"\"}',1,'2017-08-19 19:39:21',1,'','2017-10-03 14:35:36',1,1,'2017-10-01 17:06:31',8,1),
(4,'LIBRETA DE REGISTRO DE ASISTENCIA (OFICIAL)','<p>En el requerimiento indicaron que \"SE REQUIERE FIRMA DE ENTRADA Y FIRMA DE SALIDA\".</p>\r\n<p>Existen dos opciones para establecer la mécanica de las firmas.</p>\r\n<p>Una opción es que los usuarios estén obligados a iniciar sesión en el Sistema e ingresar a este libro para introducir una firma de entrada y otra de salida pero puede representar un molestias por el tiempo dedicado a ésta actividad. También puede representar un problema logístico y económico dotar a todos los ordenadores personales de todos los usuarios con lectores electrónicos de firma.</p>\r\n<p>Otra opción es que se utilice un ordenador común, como el del secretario de acuedos como fedatario , y en el formulario aparezca un catálogo con los nombres de los empleados adscritos al recinto para que así ingresen las firmas. Ésto evitaría la molestia de escribir todos los días el nombre.</p>\r\n<p>Puede no ser necesario tener los campos de captura de fecha y hora pues se puede mostrar los que registra el Sistema al momento de adjuntar el archivo digital de la firma.</p>\r\n<p>En reunión con la DEGT aceptan la propuesta de desplegar los nombres adscritos al recinto en un selector y tomar las fechas de sistema y mostrarlas sin que sea necesario capturarlas.</p>\r\n<p>CHANGELOG</p>\r\n<p>20170907 Quité el campo 127 \"FECHA\" y cambié la etiqueta de los campos \"HORA DE ENTRADA y HORA DE SALIDA\" por \"FECHA Y HORA DE ENTRADA\" y \"FECHA Y HORA DE SALIDA\"</p>\r\n<p>20170922 Cambié el campo \"NOMBRE Y FIRMA DE ENTRADA Y DE SALIDA\" por \"FIRMA DE ENTRADA\" y Cambié el campo 127 \"FECHA\" por \"FIRMA DE SALIDA\"</p>',2,0,'LIBRETA DE REGISTRO DE ASISTENCIA','lsc02','ls02s','2','2s',5,'images/open_icon_library-standard/icons/png/16x16/actions/address-book-new.png','images/open_icon_library-standard/icons/png/48x48/actions/address-book-new.png','{\"generate_admin\":\"1\",\"generate_site\":\"1\",\"generate_site_views\":\"1\",\"generate_site_layout_article\":\"1\",\"generate_site_layout_blog\":\"1\",\"generate_admin_dashboard\":\"1\",\"generate_categories\":\"1\",\"generate_categories_site_views_categories\":\"1\",\"generate_categories_site_views_category\":\"1\",\"generate_plugins\":\"1\",\"generate_plugins_search\":\"1\",\"generate_plugins_finder\":\"1\",\"generate_plugins_itemnavigation\":\"1\",\"generate_plugins_vote\":\"1\",\"generate_plugins_pagebreak\":\"1\",\"generate_plugins_emailcloak\":\"1\",\"generate_plugins_loadmodule\":\"1\",\"generate_plugins_events\":\"1\",\"generate_modules\":\"1\"}','{\"include_access\":\"\",\"include_alias\":\"\",\"include_assetacl\":\"\",\"include_assetacl_record\":\"\",\"include_batch\":\"\",\"include_checkout\":\"\",\"include_copy\":\"\",\"include_created\":\"\",\"include_description\":\"\",\"include_featured\":\"\",\"include_hits\":\"\",\"include_image\":\"\",\"include_intro\":\"\",\"include_language\":\"\",\"include_metadata\":\"\",\"include_microdata\":\"\",\"include_modified\":\"\",\"include_name\":\"\",\"include_ordering\":\"\",\"include_params_global\":\"\",\"include_params_menu\":\"\",\"include_params_record\":\"\",\"include_published_dates\":\"\",\"include_status\":\"\",\"include_tags\":\"\",\"include_urls\":\"\",\"include_versions\":\"\"}',1,'2017-08-19 19:39:21',1,'','2017-10-03 14:35:36',1,0,'0000-00-00 00:00:00',8,2),
(5,'LIBRETA DE VISTAS AL M.P (OFICIAL)','<p>En la información proporcionada indicaron que el libro \"SE FIRMA POR EL M.P.\"</p>\r\n<p>¿El M.P. visita el recinto jurisdiccional? o ¿Cómo recaban las firmas?</p>\r\n<p>No le veo sentido de que exista campo de FECHA y otro de FECHA DE FIRMA DEL M.P.; ¿acaso el campo FECHA puede tener un valor distinto al campo FECHA DE FIRMA DEL M.P. ?</p>\r\n<p>Está pendiente que indiquen cuantos tómos (distribución) se requieren por Sala y/o cuales cargos deben tener acceso a este libro.</p>\r\n<p>Propongo que esté a nivel de presidencia de sala para que cualquier empleado del recinto pueda capturar.</p>\r\n<p>CHANGELOG</p>\r\n<p>20170922 Separé el campo \"NOMBRE Y FIRMA DE M.P.\" en \"NOMBRE DEL M.P.\" y \"FIRMA DEL M.P.\"</p>',2,0,'LIBRETA DE VISTAS AL M.P','lsc03','ls03s','2','2s',6,'images/open_icon_library-standard/icons/png/16x16/actions/address-book-new.png','images/open_icon_library-standard/icons/png/48x48/actions/address-book-new.png','{\"generate_admin\":\"1\",\"generate_site\":\"1\",\"generate_site_views\":\"1\",\"generate_site_layout_article\":\"1\",\"generate_site_layout_blog\":\"1\",\"generate_admin_dashboard\":\"1\",\"generate_categories\":\"1\",\"generate_categories_site_views_categories\":\"1\",\"generate_categories_site_views_category\":\"1\",\"generate_plugins\":\"1\",\"generate_plugins_search\":\"1\",\"generate_plugins_finder\":\"1\",\"generate_plugins_itemnavigation\":\"1\",\"generate_plugins_vote\":\"1\",\"generate_plugins_pagebreak\":\"1\",\"generate_plugins_emailcloak\":\"1\",\"generate_plugins_loadmodule\":\"1\",\"generate_plugins_events\":\"1\",\"generate_modules\":\"1\"}','{\"include_access\":\"\",\"include_alias\":\"\",\"include_assetacl\":\"\",\"include_assetacl_record\":\"\",\"include_batch\":\"\",\"include_checkout\":\"\",\"include_copy\":\"\",\"include_created\":\"\",\"include_description\":\"\",\"include_featured\":\"\",\"include_hits\":\"\",\"include_image\":\"\",\"include_intro\":\"\",\"include_language\":\"\",\"include_metadata\":\"\",\"include_microdata\":\"\",\"include_modified\":\"\",\"include_name\":\"\",\"include_ordering\":\"\",\"include_params_global\":\"\",\"include_params_menu\":\"\",\"include_params_record\":\"\",\"include_published_dates\":\"\",\"include_status\":\"\",\"include_tags\":\"\",\"include_urls\":\"\",\"include_versions\":\"\"}',1,'2017-08-19 19:39:21',1,'','2017-10-03 14:34:52',1,1,'2017-10-19 15:35:45',6,3),
(6,'LIBRO DE MULTAS (OFICIAL)','<p>Libro a nivel de la secretaria general de la sala.</p>\r\n<p>Si las multas las cobra el órgano jurisdiccional y entran como ingresos al órgano se podría asociar/ingresar automáticamente en el libro correspondiente</p>\r\n<p>No entiendo en qué se diferencía del campo \"JUICIO\"  del campo \"EXPEDIENTE PRINCIPAL\"</p>\r\n<p>CHANGELOG</p>\r\n<p>20170921 modifiqué la etiqueta del campo 142 \"OFICIO (NÚMERO Y FECHA)\" por \"NÚMERO DE OFICIO (CONSECUTIVO)\" y agregué el campo \"FECHA DE EMISIÓN DEL OFICIO\"</p>\r\n<p>20171001 por solicitud de la DEGT se cambia el campo 52 \"FECHA DE EMISIÓN DEL OFICIO\" por \"FECHA DEL OFICIO\" y \"NÚMERO DE OFICIO (CONSECUTIVO)\" por \"NÚMERO DEL OFICIO\".</p>\r\n<p>20170929 DEGT indicó que el campo \"EXPEDIENTE PRINCIPAL\" son campos de texto abierto.</p>',2,0,'LIBRO DE MULTAS','lsc04','ls04s','2','2s',7,'images/open_icon_library-standard/icons/png/16x16/actions/address-book-new.png','images/open_icon_library-standard/icons/png/48x48/actions/address-book-new.png','{\"generate_admin\":\"1\",\"generate_site\":\"1\",\"generate_site_views\":\"1\",\"generate_site_layout_article\":\"1\",\"generate_site_layout_blog\":\"1\",\"generate_admin_dashboard\":\"1\",\"generate_categories\":\"1\",\"generate_categories_site_views_categories\":\"1\",\"generate_categories_site_views_category\":\"1\",\"generate_plugins\":\"1\",\"generate_plugins_search\":\"1\",\"generate_plugins_finder\":\"1\",\"generate_plugins_itemnavigation\":\"1\",\"generate_plugins_vote\":\"1\",\"generate_plugins_pagebreak\":\"1\",\"generate_plugins_emailcloak\":\"1\",\"generate_plugins_loadmodule\":\"1\",\"generate_plugins_events\":\"1\",\"generate_modules\":\"1\"}','{\"include_access\":\"\",\"include_alias\":\"\",\"include_assetacl\":\"\",\"include_assetacl_record\":\"\",\"include_batch\":\"\",\"include_checkout\":\"\",\"include_copy\":\"\",\"include_created\":\"\",\"include_description\":\"\",\"include_featured\":\"\",\"include_hits\":\"\",\"include_image\":\"\",\"include_intro\":\"\",\"include_language\":\"\",\"include_metadata\":\"\",\"include_microdata\":\"\",\"include_modified\":\"\",\"include_name\":\"\",\"include_ordering\":\"\",\"include_params_global\":\"\",\"include_params_menu\":\"\",\"include_params_record\":\"\",\"include_published_dates\":\"\",\"include_status\":\"\",\"include_tags\":\"\",\"include_urls\":\"\",\"include_versions\":\"\"}',1,'2017-08-19 19:39:21',1,'','2017-10-26 18:31:59',1,0,'0000-00-00 00:00:00',8,4),
(7,'AGENDA (OFICIAL)','<p>Libro a nivel de la secretaria general de la sala.</p>\r\n<p>20170929 DEGT indicó que el campo \"EXPEDIENTE\"  son campos de texto abierto.</p>\r\n<p>CHANGELOG</p>\r\n<p>20170919 El campo 144 TOCA lo voy a homologar con el campo 247 ( Expediente )</p>',2,0,'AGENDA','lsc05','ls05s','2','2s',8,'images/open_icon_library-standard/icons/png/16x16/actions/address-book-new.png','images/open_icon_library-standard/icons/png/48x48/actions/address-book-new.png','{\"generate_admin\":\"1\",\"generate_site\":\"1\",\"generate_site_views\":\"1\",\"generate_site_layout_article\":\"1\",\"generate_site_layout_blog\":\"1\",\"generate_admin_dashboard\":\"1\",\"generate_categories\":\"1\",\"generate_categories_site_views_categories\":\"1\",\"generate_categories_site_views_category\":\"1\",\"generate_plugins\":\"1\",\"generate_plugins_search\":\"1\",\"generate_plugins_finder\":\"1\",\"generate_plugins_itemnavigation\":\"1\",\"generate_plugins_vote\":\"1\",\"generate_plugins_pagebreak\":\"1\",\"generate_plugins_emailcloak\":\"1\",\"generate_plugins_loadmodule\":\"1\",\"generate_plugins_events\":\"1\",\"generate_modules\":\"1\"}','{\"include_access\":\"\",\"include_alias\":\"\",\"include_assetacl\":\"\",\"include_assetacl_record\":\"\",\"include_batch\":\"\",\"include_checkout\":\"\",\"include_copy\":\"\",\"include_created\":\"\",\"include_description\":\"\",\"include_featured\":\"\",\"include_hits\":\"\",\"include_image\":\"\",\"include_intro\":\"\",\"include_language\":\"\",\"include_metadata\":\"\",\"include_microdata\":\"\",\"include_modified\":\"\",\"include_name\":\"\",\"include_ordering\":\"\",\"include_params_global\":\"\",\"include_params_menu\":\"\",\"include_params_record\":\"\",\"include_published_dates\":\"\",\"include_status\":\"\",\"include_tags\":\"\",\"include_urls\":\"\",\"include_versions\":\"\"}',1,'2017-08-19 19:39:21',1,'','2017-10-26 18:32:25',1,0,'0000-00-00 00:00:00',6,5),
(8,'LIBRO DE CONTROL DE BILLETES Y PÓLIZAS (OFICIAL)','<p>Libro a nivel de la secretaria general de la sala.</p>\r\n<p>En la información proporcionada indicaron que \"SE REQUIERE DE FIRMA Y SE SUBDIVIDE EN AÑOS.\"</p>\r\n<p>Se requiere mayor información sobre la regla de negocios por la que se sub-divide la información en años, para visualizar la mejor forma de implementarlo.</p>\r\n<p>Sugiero cambiar el campo \"FIRMA \" por \"FIRMA DE A QUIEN SE DEVUELVE\"</p>\r\n<p>Salvador investigará a qué se refiere \"SE REQUIERE DE FIRMA Y SE SUBDIVIDE EN AÑOS.\"</p>\r\n<p>20170929 DEGT solicitó agregar el campo toral TOCA</p>',2,0,'LIBRO DE CONTROL DE BILLETES Y POLIZAS','lsc06','ls06s','2','2s',9,'images/open_icon_library-standard/icons/png/16x16/actions/address-book-new.png','images/open_icon_library-standard/icons/png/48x48/actions/address-book-new.png','{\"generate_admin\":\"1\",\"generate_site\":\"1\",\"generate_site_views\":\"1\",\"generate_site_layout_article\":\"1\",\"generate_site_layout_blog\":\"1\",\"generate_admin_dashboard\":\"1\",\"generate_categories\":\"1\",\"generate_categories_site_views_categories\":\"1\",\"generate_categories_site_views_category\":\"1\",\"generate_plugins\":\"1\",\"generate_plugins_search\":\"1\",\"generate_plugins_finder\":\"1\",\"generate_plugins_itemnavigation\":\"1\",\"generate_plugins_vote\":\"1\",\"generate_plugins_pagebreak\":\"1\",\"generate_plugins_emailcloak\":\"1\",\"generate_plugins_loadmodule\":\"1\",\"generate_plugins_events\":\"1\",\"generate_modules\":\"1\"}','{\"include_access\":\"\",\"include_alias\":\"\",\"include_assetacl\":\"\",\"include_assetacl_record\":\"\",\"include_batch\":\"\",\"include_checkout\":\"\",\"include_copy\":\"\",\"include_created\":\"\",\"include_description\":\"\",\"include_featured\":\"\",\"include_hits\":\"\",\"include_image\":\"\",\"include_intro\":\"\",\"include_language\":\"\",\"include_metadata\":\"\",\"include_microdata\":\"\",\"include_modified\":\"\",\"include_name\":\"\",\"include_ordering\":\"\",\"include_params_global\":\"\",\"include_params_menu\":\"\",\"include_params_record\":\"\",\"include_published_dates\":\"\",\"include_status\":\"\",\"include_tags\":\"\",\"include_urls\":\"\",\"include_versions\":\"\"}',1,'2017-08-19 19:39:21',1,'','2017-10-26 18:20:00',1,0,'0000-00-00 00:00:00',5,6),
(9,'LIBRO DE EGRESOS (OFICIAL)','<p>Libro a nivel de la secretaria general de la sala.</p>\r\n<p>Tienen un campo secretaría (con acento), y claramente indicaron que el libro se lleva a nivel de la secretaría general. Si sólo existe una secretaría por sala, ¿qué anotan?, pues sólo podría ser la única secretaría existente.</p>\r\n<p>Con una vinculación de las partes contenciosas, se podria mostrar una lista con las personas vinculadas en el proceso para que al adjuntar una firma se escoja uno de los nombres de la lista, eso simplificaria la captura y se podría quitar el campo de captura \"carácter\" dejandolo sólo como una columna informativa.</p>\r\n<p>¿Existen relaciones entre el LIBRO DE EGRESOS (OFICIAL) y LIBRO DE CONTROL DE BILLETES Y PÓLIZAS (OFICIAL) y LIBRO DE MULTAS (OFICIAL) ? Una duda recurrente es sobre si se pueden relacionar las entradas y salidas de dinero y los billetes.<br />Sugiero cambiar el campo \"NOMBRE\" por \"NOMBRE DE QUIEN RECIBE\" y el campo \"FIRMA\" por \"FIRMA DE QUIEN RECIBE\"</p>\r\n<p>20170929 DEGT solicitó agregar el campo toral TOCA</p>',2,0,'LIBRO DE EGRESOS','lsc07','ls07s','2','2s',10,'images/open_icon_library-standard/icons/png/16x16/actions/address-book-new.png','images/open_icon_library-standard/icons/png/48x48/actions/address-book-new.png','{\"generate_admin\":\"1\",\"generate_site\":\"1\",\"generate_site_views\":\"1\",\"generate_site_layout_article\":\"1\",\"generate_site_layout_blog\":\"1\",\"generate_admin_dashboard\":\"1\",\"generate_categories\":\"1\",\"generate_categories_site_views_categories\":\"1\",\"generate_categories_site_views_category\":\"1\",\"generate_plugins\":\"1\",\"generate_plugins_search\":\"1\",\"generate_plugins_finder\":\"1\",\"generate_plugins_itemnavigation\":\"1\",\"generate_plugins_vote\":\"1\",\"generate_plugins_pagebreak\":\"1\",\"generate_plugins_emailcloak\":\"1\",\"generate_plugins_loadmodule\":\"1\",\"generate_plugins_events\":\"1\",\"generate_modules\":\"1\"}','{\"include_access\":\"\",\"include_alias\":\"\",\"include_assetacl\":\"\",\"include_assetacl_record\":\"\",\"include_batch\":\"\",\"include_checkout\":\"\",\"include_copy\":\"\",\"include_created\":\"\",\"include_description\":\"\",\"include_featured\":\"\",\"include_hits\":\"\",\"include_image\":\"\",\"include_intro\":\"\",\"include_language\":\"\",\"include_metadata\":\"\",\"include_microdata\":\"\",\"include_modified\":\"\",\"include_name\":\"\",\"include_ordering\":\"\",\"include_params_global\":\"\",\"include_params_menu\":\"\",\"include_params_record\":\"\",\"include_published_dates\":\"\",\"include_status\":\"\",\"include_tags\":\"\",\"include_urls\":\"\",\"include_versions\":\"\"}',1,'2017-08-19 19:39:21',1,'','2017-10-26 18:20:32',1,0,'0000-00-00 00:00:00',8,7),
(10,'LIBRO DE PÓLIZAS Y FIANZAS (OFICIAL)','<p>Libro a nivel de la secretaria general de la sala.</p>\r\n<p>OJO éste libro se subdivide en dos, la primera de ellas a ingresos, la segunda subdivisión corresponde a egresos</p>\r\n<p>No es práctico hacer un sólo libro que muestre 2 formularios dependiendo de si es un ingreso o un egreso debido a que se creará confusión sobre cuando hacer un INSERT(ingreso) o un UPDATE (egreso)</p>\r\n<p> </p>\r\n<p>¿Existen relaciones entre el LIBRO DE PÓLIZAS Y FIANZAS (OFICIAL) y LIBRO DE EGRESOS (OFICIAL) y LIBRO DE CONTROL DE BILLETES Y PÓLIZAS (OFICIAL) y LIBRO DE MULTAS (OFICIAL) ? Una duda recurrente es sobre si se pueden relacionar las entradas y salidas de dinero y los billetes.</p>\r\n<p>¿Indican que lo llevan en dos tomos, es factible describirlo como dos libros con datos independientes que comparten la misma cuerda? De ser así se puede implementar como libros digitales independientes .</p>\r\n<p>Necesito ejemplos reales de números de certificado y números de poliza, ¿para cada número de certificado corresponde uno y sólo un número de poliza?</p>\r\n<p>Y si lo hacemos en un sólo libro sin subdivisiones unificando campos?</p>\r\n<p>Habilitaré el segundo campo toca, de ser necesario, cuando se aclare la logística</p>\r\n<p>Respuesta. Se hará en un sólo libro y enla edición se mostrará 2 formularios dependiendo de si es un ingreso o un egreso.</p>\r\n<p>CHANGELOG</p>\r\n<p>20170922 Deshabilité el segundo campo TOCA y modifiqué el code_name porque daba problemas al compilar .</p>',2,0,'LIBRO DE POLIZAS Y FIANZAS','lsc08','ls08s','2','2s',11,'images/open_icon_library-standard/icons/png/16x16/actions/address-book-new.png','images/open_icon_library-standard/icons/png/48x48/actions/address-book-new.png','{\"generate_admin\":\"1\",\"generate_site\":\"1\",\"generate_site_views\":\"1\",\"generate_site_layout_article\":\"1\",\"generate_site_layout_blog\":\"1\",\"generate_admin_dashboard\":\"1\",\"generate_categories\":\"1\",\"generate_categories_site_views_categories\":\"1\",\"generate_categories_site_views_category\":\"1\",\"generate_plugins\":\"1\",\"generate_plugins_search\":\"1\",\"generate_plugins_finder\":\"1\",\"generate_plugins_itemnavigation\":\"1\",\"generate_plugins_vote\":\"1\",\"generate_plugins_pagebreak\":\"1\",\"generate_plugins_emailcloak\":\"1\",\"generate_plugins_loadmodule\":\"1\",\"generate_plugins_events\":\"1\",\"generate_modules\":\"1\"}','{\"include_access\":\"\",\"include_alias\":\"\",\"include_assetacl\":\"\",\"include_assetacl_record\":\"\",\"include_batch\":\"\",\"include_checkout\":\"\",\"include_copy\":\"\",\"include_created\":\"\",\"include_description\":\"\",\"include_featured\":\"\",\"include_hits\":\"\",\"include_image\":\"\",\"include_intro\":\"\",\"include_language\":\"\",\"include_metadata\":\"\",\"include_microdata\":\"\",\"include_modified\":\"\",\"include_name\":\"\",\"include_ordering\":\"\",\"include_params_global\":\"\",\"include_params_menu\":\"\",\"include_params_record\":\"\",\"include_published_dates\":\"\",\"include_status\":\"\",\"include_tags\":\"\",\"include_urls\":\"\",\"include_versions\":\"\"}',1,'2017-08-19 19:39:21',1,'','2017-10-22 23:44:03',1,0,'0000-00-00 00:00:00',7,8),
(11,'LIBRO DE GOBIERNO (OFICIAL)','<p>Libro a nivel de la secretaria general de la sala.</p>',2,0,'LIBRO DE GOBIERNO','lsc09','ls09s','2','2s',12,'images/open_icon_library-standard/icons/png/16x16/actions/address-book-new.png','images/open_icon_library-standard/icons/png/48x48/actions/address-book-new.png','{\"generate_admin\":\"1\",\"generate_site\":\"1\",\"generate_site_views\":\"1\",\"generate_site_layout_article\":\"1\",\"generate_site_layout_blog\":\"1\",\"generate_admin_dashboard\":\"1\",\"generate_categories\":\"1\",\"generate_categories_site_views_categories\":\"1\",\"generate_categories_site_views_category\":\"1\",\"generate_plugins\":\"1\",\"generate_plugins_search\":\"1\",\"generate_plugins_finder\":\"1\",\"generate_plugins_itemnavigation\":\"1\",\"generate_plugins_vote\":\"1\",\"generate_plugins_pagebreak\":\"1\",\"generate_plugins_emailcloak\":\"1\",\"generate_plugins_loadmodule\":\"1\",\"generate_plugins_events\":\"1\",\"generate_modules\":\"1\"}','{\"include_access\":\"\",\"include_alias\":\"\",\"include_assetacl\":\"\",\"include_assetacl_record\":\"\",\"include_batch\":\"\",\"include_checkout\":\"\",\"include_copy\":\"\",\"include_created\":\"\",\"include_description\":\"\",\"include_featured\":\"\",\"include_hits\":\"\",\"include_image\":\"\",\"include_intro\":\"\",\"include_language\":\"\",\"include_metadata\":\"\",\"include_microdata\":\"\",\"include_modified\":\"\",\"include_name\":\"\",\"include_ordering\":\"\",\"include_params_global\":\"\",\"include_params_menu\":\"\",\"include_params_record\":\"\",\"include_published_dates\":\"\",\"include_status\":\"\",\"include_tags\":\"\",\"include_urls\":\"\",\"include_versions\":\"\"}',1,'2017-08-19 19:39:21',1,'','2017-10-03 14:34:52',1,1,'2017-09-28 16:00:08',2,9),
(12,'LIBRO DE ACTUARIO (OFICIAL)','<p>Libro a nivel de la secretaria general de la sala.</p>',2,0,'LIBRO DE ACTUARIO','lsc10','ls10s','2','2s',13,'images/open_icon_library-standard/icons/png/16x16/actions/address-book-new.png','images/open_icon_library-standard/icons/png/48x48/actions/address-book-new.png','{\"generate_admin\":\"1\",\"generate_site\":\"1\",\"generate_site_views\":\"1\",\"generate_site_layout_article\":\"1\",\"generate_site_layout_blog\":\"1\",\"generate_admin_dashboard\":\"1\",\"generate_categories\":\"1\",\"generate_categories_site_views_categories\":\"1\",\"generate_categories_site_views_category\":\"1\",\"generate_plugins\":\"1\",\"generate_plugins_search\":\"1\",\"generate_plugins_finder\":\"1\",\"generate_plugins_itemnavigation\":\"1\",\"generate_plugins_vote\":\"1\",\"generate_plugins_pagebreak\":\"1\",\"generate_plugins_emailcloak\":\"1\",\"generate_plugins_loadmodule\":\"1\",\"generate_plugins_events\":\"1\",\"generate_modules\":\"1\"}','{\"include_access\":\"\",\"include_alias\":\"\",\"include_assetacl\":\"\",\"include_assetacl_record\":\"\",\"include_batch\":\"\",\"include_checkout\":\"\",\"include_copy\":\"\",\"include_created\":\"\",\"include_description\":\"\",\"include_featured\":\"\",\"include_hits\":\"\",\"include_image\":\"\",\"include_intro\":\"\",\"include_language\":\"\",\"include_metadata\":\"\",\"include_microdata\":\"\",\"include_modified\":\"\",\"include_name\":\"\",\"include_ordering\":\"\",\"include_params_global\":\"\",\"include_params_menu\":\"\",\"include_params_record\":\"\",\"include_published_dates\":\"\",\"include_status\":\"\",\"include_tags\":\"\",\"include_urls\":\"\",\"include_versions\":\"\"}',1,'2017-08-19 19:39:21',1,'','2017-10-03 14:34:52',1,0,'0000-00-00 00:00:00',2,10),
(13,'LIBRETA DE OFICIOS (OFICIAL)','<p>Libro a nivel de la secretaria general de la sala.</p>\r\n<p>En libros de primera instancia se han generado tickets debido al consecutivo de libros, pues éste no siempre les coincide con el número de oficio.</p>\r\n<p>Al momento de hacer la implementación de éste libro sería conveniente establecer si el sistema les debe proporcionar el consecutivo siguiente para que éste sea usado como número de oficio o bien, si es al contrario y primero escriben el oficio y luego lo registran en el Sistema. La segunda opción puede generar problemas por duplicados debido a que mientras un usuario escribe un oficio, otro puede intentar registrar uno con el mismo número progresivo.</p>\r\n<p>20170929 DEGT indicó que el NÚMERO DE OFICIO no es consecutivos del sistema, es campo abierto de texto.</p>',2,0,'LIBRETA DE OFICIOS','lsc11','ls11s','2','2s',14,'images/open_icon_library-standard/icons/png/16x16/actions/address-book-new.png','images/open_icon_library-standard/icons/png/48x48/actions/address-book-new.png','{\"generate_admin\":\"1\",\"generate_site\":\"1\",\"generate_site_views\":\"1\",\"generate_site_layout_article\":\"1\",\"generate_site_layout_blog\":\"1\",\"generate_admin_dashboard\":\"1\",\"generate_categories\":\"1\",\"generate_categories_site_views_categories\":\"1\",\"generate_categories_site_views_category\":\"1\",\"generate_plugins\":\"1\",\"generate_plugins_search\":\"1\",\"generate_plugins_finder\":\"1\",\"generate_plugins_itemnavigation\":\"1\",\"generate_plugins_vote\":\"1\",\"generate_plugins_pagebreak\":\"1\",\"generate_plugins_emailcloak\":\"1\",\"generate_plugins_loadmodule\":\"1\",\"generate_plugins_events\":\"1\",\"generate_modules\":\"1\"}','{\"include_access\":\"\",\"include_alias\":\"\",\"include_assetacl\":\"\",\"include_assetacl_record\":\"\",\"include_batch\":\"\",\"include_checkout\":\"\",\"include_copy\":\"\",\"include_created\":\"\",\"include_description\":\"\",\"include_featured\":\"\",\"include_hits\":\"\",\"include_image\":\"\",\"include_intro\":\"\",\"include_language\":\"\",\"include_metadata\":\"\",\"include_microdata\":\"\",\"include_modified\":\"\",\"include_name\":\"\",\"include_ordering\":\"\",\"include_params_global\":\"\",\"include_params_menu\":\"\",\"include_params_record\":\"\",\"include_published_dates\":\"\",\"include_status\":\"\",\"include_tags\":\"\",\"include_urls\":\"\",\"include_versions\":\"\"}',1,'2017-08-19 19:39:21',1,'','2017-10-26 18:23:46',1,0,'0000-00-00 00:00:00',3,11),
(14,'LIBRO DE REGISTRO DE AMPAROS (OFICIAL)','<p>El campo juzgado se refiere al juzgado de distrito, el campo expediente es el expediente en el juicio de amparo.</p>\r\n<p>El campo quejoso está de más, pues deberá estár registrado en los campos torales, y podría ser capturado con un selector que liste todas las partes contenciosas. Aun así se dejará como campo de texto libre.</p>\r\n<p>20170929 DEGT indicó que el NÚMERO DE AMPARO no es consecutivos del sistema, es campo abierto de texto.</p>\r\n<p>20170929 DEGT indicó que el campo \"EXPEDIENTE\"  son campos de texto abierto.</p>',2,0,'LIBRO DE REGISTRO DE AMPAROS','lsc12','ls12s','2','2s',15,'images/open_icon_library-standard/icons/png/16x16/actions/address-book-new.png','images/open_icon_library-standard/icons/png/48x48/actions/address-book-new.png','{\"generate_admin\":\"1\",\"generate_site\":\"1\",\"generate_site_views\":\"1\",\"generate_site_layout_article\":\"1\",\"generate_site_layout_blog\":\"1\",\"generate_admin_dashboard\":\"1\",\"generate_categories\":\"1\",\"generate_categories_site_views_categories\":\"1\",\"generate_categories_site_views_category\":\"1\",\"generate_plugins\":\"1\",\"generate_plugins_search\":\"1\",\"generate_plugins_finder\":\"1\",\"generate_plugins_itemnavigation\":\"1\",\"generate_plugins_vote\":\"1\",\"generate_plugins_pagebreak\":\"1\",\"generate_plugins_emailcloak\":\"1\",\"generate_plugins_loadmodule\":\"1\",\"generate_plugins_events\":\"1\",\"generate_modules\":\"1\"}','{\"include_access\":\"\",\"include_alias\":\"\",\"include_assetacl\":\"\",\"include_assetacl_record\":\"\",\"include_batch\":\"\",\"include_checkout\":\"\",\"include_copy\":\"\",\"include_created\":\"\",\"include_description\":\"\",\"include_featured\":\"\",\"include_hits\":\"\",\"include_image\":\"\",\"include_intro\":\"\",\"include_language\":\"\",\"include_metadata\":\"\",\"include_microdata\":\"\",\"include_modified\":\"\",\"include_name\":\"\",\"include_ordering\":\"\",\"include_params_global\":\"\",\"include_params_menu\":\"\",\"include_params_record\":\"\",\"include_published_dates\":\"\",\"include_status\":\"\",\"include_tags\":\"\",\"include_urls\":\"\",\"include_versions\":\"\"}',1,'2017-08-19 19:39:21',1,'','2017-10-26 18:32:46',1,0,'0000-00-00 00:00:00',6,12),
(15,'PAPELETAS PARA EL PRÉSTAMO DE EXPEDIENTES','<p>De implementarse campos torales vinculados se evitaría la recaptura y permitiría comprobar que la persona que solicita el préstamo tiene interés jurídico. Será de utilidad la implementación de diversas clasificaciones de interés jurídico diferentes a actor y demandado, como puede ser representante legal del actor, etc.</p>\r\n<p>Considero que sería de utilidad agregar también un campo para la captura de la imagen electrónica de la huella digital.</p>\r\n<p>20170929 la DEGT Está pendiente de definirse el libro de papeletas. Propongo que esté a nivel de presidencia de sala para que cualquier empleado del recinto pueda capturar.</p>\r\n<p>CHANGELOG</p>\r\n<p>20170921 Quité el campo FECHA para combinarlo con el campo HORA</p>',2,0,'PAPELETAS PARA EL PRESTAMO DE EXPEDIENTES','lsc13','ls13s','2','2s',16,'images/open_icon_library-standard/icons/png/16x16/actions/address-book-new.png','images/open_icon_library-standard/icons/png/48x48/actions/address-book-new.png','{\"generate_admin\":\"1\",\"generate_site\":\"1\",\"generate_site_views\":\"1\",\"generate_site_layout_article\":\"1\",\"generate_site_layout_blog\":\"1\",\"generate_admin_dashboard\":\"1\",\"generate_categories\":\"1\",\"generate_categories_site_views_categories\":\"1\",\"generate_categories_site_views_category\":\"1\",\"generate_plugins\":\"1\",\"generate_plugins_search\":\"1\",\"generate_plugins_finder\":\"1\",\"generate_plugins_itemnavigation\":\"1\",\"generate_plugins_vote\":\"1\",\"generate_plugins_pagebreak\":\"1\",\"generate_plugins_emailcloak\":\"1\",\"generate_plugins_loadmodule\":\"1\",\"generate_plugins_events\":\"1\",\"generate_modules\":\"1\"}','{\"include_access\":\"\",\"include_alias\":\"\",\"include_assetacl\":\"\",\"include_assetacl_record\":\"\",\"include_batch\":\"\",\"include_checkout\":\"\",\"include_copy\":\"\",\"include_created\":\"\",\"include_description\":\"\",\"include_featured\":\"\",\"include_hits\":\"\",\"include_image\":\"\",\"include_intro\":\"\",\"include_language\":\"\",\"include_metadata\":\"\",\"include_microdata\":\"\",\"include_modified\":\"\",\"include_name\":\"\",\"include_ordering\":\"\",\"include_params_global\":\"\",\"include_params_menu\":\"\",\"include_params_record\":\"\",\"include_published_dates\":\"\",\"include_status\":\"\",\"include_tags\":\"\",\"include_urls\":\"\",\"include_versions\":\"\"}',1,'2017-08-19 19:39:21',1,'','2017-10-03 14:35:36',1,0,'0000-00-00 00:00:00',5,13),
(19,'Catalogo General','<p>Gestionar catálogos</p>',3,1,'Valores de catalogo','general','generals','Valor de catalogo','Valores',0,'','','{\"generate_admin\":\"1\",\"generate_site\":\"1\",\"generate_site_views\":\"1\",\"generate_site_layout_article\":\"1\",\"generate_site_layout_blog\":\"1\",\"generate_categories\":\"1\",\"generate_categories_site_views_categories\":\"1\",\"generate_categories_site_views_category\":\"1\",\"generate_plugins\":\"0\",\"generate_plugins_search\":\"0\",\"generate_plugins_finder\":\"0\",\"generate_plugins_itemnavigation\":\"0\",\"generate_plugins_vote\":\"0\",\"generate_plugins_pagebreak\":\"0\",\"generate_plugins_emailcloak\":\"0\",\"generate_plugins_loadmodule\":\"0\",\"generate_plugins_events\":\"0\",\"generate_modules\":\"0\"}','{\"include_access\":\"\",\"include_alias\":\"\",\"include_assetacl\":\"\",\"include_assetacl_record\":\"0\",\"include_batch\":\"\",\"include_checkout\":\"0\",\"include_copy\":\"\",\"include_created\":\"\",\"include_description\":\"1\",\"include_featured\":\"\",\"include_hits\":\"\",\"include_image\":\"\",\"include_intro\":\"\",\"include_language\":\"\",\"include_metadata\":\"\",\"include_microdata\":\"\",\"include_modified\":\"\",\"include_name\":\"1\",\"include_ordering\":\"\",\"include_params_global\":\"\",\"include_params_menu\":\"\",\"include_params_record\":\"\",\"include_published_dates\":\"\",\"include_status\":\"\",\"include_tags\":\"\",\"include_urls\":\"\",\"include_versions\":\"\"}',1,'2017-08-30 15:16:22',1,'','2017-09-05 23:04:18',1,1,'2017-09-20 15:02:09',1,2),
(20,'Module','<p>Necesito un front end para generar custom modules</p>',4,0,'Modules','module','modules','Module','Modules',0,'','','{\"generate_admin\":\"1\",\"generate_site\":\"1\",\"generate_site_views\":\"1\",\"generate_site_layout_article\":\"1\",\"generate_site_layout_blog\":\"1\",\"generate_categories\":\"1\",\"generate_categories_site_views_categories\":\"1\",\"generate_categories_site_views_category\":\"1\",\"generate_plugins\":\"0\",\"generate_plugins_search\":\"0\",\"generate_plugins_finder\":\"0\",\"generate_plugins_itemnavigation\":\"0\",\"generate_plugins_vote\":\"0\",\"generate_plugins_pagebreak\":\"0\",\"generate_plugins_emailcloak\":\"0\",\"generate_plugins_loadmodule\":\"0\",\"generate_plugins_events\":\"0\",\"generate_modules\":\"0\"}','{\"include_access\":\"\",\"include_alias\":\"\",\"include_assetacl\":\"\",\"include_assetacl_record\":\"\",\"include_batch\":\"\",\"include_checkout\":\"\",\"include_copy\":\"\",\"include_created\":\"\",\"include_description\":\"\",\"include_featured\":\"\",\"include_hits\":\"\",\"include_image\":\"\",\"include_intro\":\"\",\"include_language\":\"\",\"include_metadata\":\"\",\"include_microdata\":\"\",\"include_modified\":\"\",\"include_name\":\"\",\"include_ordering\":\"\",\"include_params_global\":\"\",\"include_params_menu\":\"\",\"include_params_record\":\"\",\"include_published_dates\":\"\",\"include_status\":\"\",\"include_tags\":\"\",\"include_urls\":\"\",\"include_versions\":\"\"}',1,'2017-08-31 23:48:06',1,'','2017-09-01 00:06:59',1,1,'2017-09-01 00:06:59',1,0),
(21,'Catalogo General 2','<p>Generé este objeto para observar si se podían generear 2 clasificaciones de categorías para dos objetos diferentes en el mismo componente. No se puede</p>',3,1,'Catalogo General 2s','catalogo_general_2','catalogo_general_2s','2','2s',0,'','','{\"generate_admin\":\"1\",\"generate_site\":\"1\",\"generate_site_views\":\"1\",\"generate_site_layout_article\":\"1\",\"generate_site_layout_blog\":\"1\",\"generate_categories\":\"1\",\"generate_categories_site_views_categories\":\"1\",\"generate_categories_site_views_category\":\"1\",\"generate_plugins\":\"0\",\"generate_plugins_search\":\"0\",\"generate_plugins_finder\":\"0\",\"generate_plugins_itemnavigation\":\"0\",\"generate_plugins_vote\":\"0\",\"generate_plugins_pagebreak\":\"0\",\"generate_plugins_emailcloak\":\"0\",\"generate_plugins_loadmodule\":\"0\",\"generate_plugins_events\":\"0\",\"generate_modules\":\"0\"}','{\"include_access\":\"\",\"include_alias\":\"\",\"include_assetacl\":\"\",\"include_assetacl_record\":\"0\",\"include_batch\":\"\",\"include_checkout\":\"0\",\"include_copy\":\"\",\"include_created\":\"\",\"include_description\":\"1\",\"include_featured\":\"\",\"include_hits\":\"\",\"include_image\":\"\",\"include_intro\":\"\",\"include_language\":\"\",\"include_metadata\":\"\",\"include_microdata\":\"\",\"include_modified\":\"\",\"include_name\":\"1\",\"include_ordering\":\"\",\"include_params_global\":\"\",\"include_params_menu\":\"\",\"include_params_record\":\"\",\"include_published_dates\":\"\",\"include_status\":\"\",\"include_tags\":\"\",\"include_urls\":\"\",\"include_versions\":\"\"}',0,'2017-08-30 15:16:22',1,'','2017-09-02 13:15:10',1,1,'2017-09-20 14:47:13',1,1),
(22,'Materias en el TSJ DF','<p>Objeto materias</p>',5,1,'Materias en el TSJ DFs','materia','jtc_materias','2','2s',0,'','','{\"generate_admin\":\"1\",\"generate_site\":\"1\",\"generate_site_views\":\"1\",\"generate_site_layout_article\":\"1\",\"generate_site_layout_blog\":\"1\",\"generate_categories\":\"1\",\"generate_categories_site_views_categories\":\"1\",\"generate_categories_site_views_category\":\"1\",\"generate_plugins\":\"0\",\"generate_plugins_search\":\"0\",\"generate_plugins_finder\":\"0\",\"generate_plugins_itemnavigation\":\"0\",\"generate_plugins_vote\":\"0\",\"generate_plugins_pagebreak\":\"0\",\"generate_plugins_emailcloak\":\"0\",\"generate_plugins_loadmodule\":\"0\",\"generate_plugins_events\":\"0\",\"generate_modules\":\"0\"}','{\"include_access\":\"\",\"include_alias\":\"\",\"include_assetacl\":\"\",\"include_assetacl_record\":\"0\",\"include_batch\":\"\",\"include_checkout\":\"0\",\"include_copy\":\"\",\"include_created\":\"\",\"include_description\":\"1\",\"include_featured\":\"\",\"include_hits\":\"\",\"include_image\":\"\",\"include_intro\":\"\",\"include_language\":\"\",\"include_metadata\":\"\",\"include_microdata\":\"\",\"include_modified\":\"\",\"include_name\":\"1\",\"include_ordering\":\"\",\"include_params_global\":\"\",\"include_params_menu\":\"\",\"include_params_record\":\"\",\"include_published_dates\":\"\",\"include_status\":\"\",\"include_tags\":\"\",\"include_urls\":\"\",\"include_versions\":\"\"}',1,'2017-08-30 15:16:22',1,'','2017-09-05 23:52:49',1,1,'2017-09-05 23:52:49',1,0),
(23,'Component/Extension','',6,0,'Components','component','components','Component','Components',0,'','','{\"generate_admin\":\"1\",\"generate_site\":\"1\",\"generate_site_views\":\"1\",\"generate_site_layout_article\":\"1\",\"generate_site_layout_blog\":\"1\",\"generate_categories\":\"1\",\"generate_categories_site_views_categories\":\"1\",\"generate_categories_site_views_category\":\"1\",\"generate_plugins\":\"1\",\"generate_plugins_search\":\"1\",\"generate_plugins_finder\":\"1\",\"generate_plugins_itemnavigation\":\"1\",\"generate_plugins_vote\":\"1\",\"generate_plugins_pagebreak\":\"1\",\"generate_plugins_emailcloak\":\"1\",\"generate_plugins_loadmodule\":\"1\",\"generate_plugins_events\":\"1\",\"generate_modules\":\"1\"}','{\"include_access\":\"\",\"include_alias\":\"\",\"include_assetacl\":\"\",\"include_assetacl_record\":\"\",\"include_batch\":\"\",\"include_checkout\":\"\",\"include_copy\":\"\",\"include_created\":\"\",\"include_description\":\"\",\"include_featured\":\"\",\"include_hits\":\"\",\"include_image\":\"\",\"include_intro\":\"\",\"include_language\":\"\",\"include_metadata\":\"\",\"include_microdata\":\"\",\"include_modified\":\"\",\"include_name\":\"\",\"include_ordering\":\"\",\"include_params_global\":\"\",\"include_params_menu\":\"\",\"include_params_record\":\"\",\"include_published_dates\":\"\",\"include_status\":\"\",\"include_tags\":\"\",\"include_urls\":\"\",\"include_versions\":\"\"}',1,'2017-09-14 22:10:24',1,'','2017-10-03 14:41:53',1,1,'2017-09-16 16:48:41',1,2),
(24,'Objects/Tables','',6,0,'Component Objects','component_object','componentobjects','Object','Objects',0,'','','{\"generate_admin\":\"1\",\"generate_site\":\"1\",\"generate_site_views\":\"1\",\"generate_site_layout_article\":\"1\",\"generate_site_layout_blog\":\"1\",\"generate_categories\":\"1\",\"generate_categories_site_views_categories\":\"1\",\"generate_categories_site_views_category\":\"1\",\"generate_plugins\":\"1\",\"generate_plugins_search\":\"1\",\"generate_plugins_finder\":\"1\",\"generate_plugins_itemnavigation\":\"1\",\"generate_plugins_vote\":\"1\",\"generate_plugins_pagebreak\":\"1\",\"generate_plugins_emailcloak\":\"1\",\"generate_plugins_loadmodule\":\"1\",\"generate_plugins_events\":\"1\",\"generate_modules\":\"1\"}','{\"include_access\":\"\",\"include_alias\":\"\",\"include_assetacl\":\"\",\"include_assetacl_record\":\"\",\"include_batch\":\"\",\"include_checkout\":\"\",\"include_copy\":\"\",\"include_created\":\"\",\"include_description\":\"\",\"include_featured\":\"\",\"include_hits\":\"\",\"include_image\":\"\",\"include_intro\":\"\",\"include_language\":\"\",\"include_metadata\":\"\",\"include_microdata\":\"\",\"include_modified\":\"\",\"include_name\":\"\",\"include_ordering\":\"\",\"include_params_global\":\"\",\"include_params_menu\":\"\",\"include_params_record\":\"\",\"include_published_dates\":\"\",\"include_status\":\"\",\"include_tags\":\"\",\"include_urls\":\"\",\"include_versions\":\"\"}',1,'2017-09-14 22:12:34',1,'','2017-10-03 14:41:53',1,1,'2017-09-16 15:43:36',2,1),
(25,'Fieldsets','',6,0,'Fieldsets','fieldset','fieldsets','Fieldset','Fieldsets',0,'','','{\"generate_admin\":\"1\",\"generate_site\":\"1\",\"generate_site_views\":\"1\",\"generate_site_layout_article\":\"1\",\"generate_site_layout_blog\":\"1\",\"generate_categories\":\"1\",\"generate_categories_site_views_categories\":\"1\",\"generate_categories_site_views_category\":\"1\",\"generate_plugins\":\"1\",\"generate_plugins_search\":\"1\",\"generate_plugins_finder\":\"1\",\"generate_plugins_itemnavigation\":\"1\",\"generate_plugins_vote\":\"1\",\"generate_plugins_pagebreak\":\"1\",\"generate_plugins_emailcloak\":\"1\",\"generate_plugins_loadmodule\":\"1\",\"generate_plugins_events\":\"1\",\"generate_modules\":\"1\"}','{\"include_access\":\"\",\"include_alias\":\"\",\"include_assetacl\":\"\",\"include_assetacl_record\":\"\",\"include_batch\":\"\",\"include_checkout\":\"\",\"include_copy\":\"\",\"include_created\":\"\",\"include_description\":\"\",\"include_featured\":\"\",\"include_hits\":\"\",\"include_image\":\"\",\"include_intro\":\"\",\"include_language\":\"\",\"include_metadata\":\"\",\"include_microdata\":\"\",\"include_modified\":\"\",\"include_name\":\"\",\"include_ordering\":\"\",\"include_params_global\":\"\",\"include_params_menu\":\"\",\"include_params_record\":\"\",\"include_published_dates\":\"\",\"include_status\":\"\",\"include_tags\":\"\",\"include_urls\":\"\",\"include_versions\":\"\"}',1,'2017-09-14 22:12:54',1,'','2017-09-15 00:56:28',1,1,'2017-09-16 15:43:35',1,3),
(26,'Fields','',6,0,'Fields','field','fields','Field','Fields',0,'','','{\"generate_admin\":\"1\",\"generate_site\":\"1\",\"generate_site_views\":\"1\",\"generate_site_layout_article\":\"1\",\"generate_site_layout_blog\":\"1\",\"generate_categories\":\"1\",\"generate_categories_site_views_categories\":\"1\",\"generate_categories_site_views_category\":\"1\",\"generate_plugins\":\"1\",\"generate_plugins_search\":\"1\",\"generate_plugins_finder\":\"1\",\"generate_plugins_itemnavigation\":\"1\",\"generate_plugins_vote\":\"1\",\"generate_plugins_pagebreak\":\"1\",\"generate_plugins_emailcloak\":\"1\",\"generate_plugins_loadmodule\":\"1\",\"generate_plugins_events\":\"1\",\"generate_modules\":\"1\"}','{\"include_access\":\"\",\"include_alias\":\"\",\"include_assetacl\":\"\",\"include_assetacl_record\":\"\",\"include_batch\":\"\",\"include_checkout\":\"\",\"include_copy\":\"\",\"include_created\":\"\",\"include_description\":\"\",\"include_featured\":\"\",\"include_hits\":\"\",\"include_image\":\"\",\"include_intro\":\"\",\"include_language\":\"\",\"include_metadata\":\"\",\"include_microdata\":\"\",\"include_modified\":\"\",\"include_name\":\"\",\"include_ordering\":\"\",\"include_params_global\":\"\",\"include_params_menu\":\"\",\"include_params_record\":\"\",\"include_published_dates\":\"\",\"include_status\":\"\",\"include_tags\":\"\",\"include_urls\":\"\",\"include_versions\":\"\"}',1,'2017-09-14 22:13:08',1,'','2017-09-15 00:52:30',1,1,'2017-09-16 15:43:34',1,4),
(27,'Field Types','',6,0,'Field Types','field_type','field_types','Type','Types',0,'','','{\"generate_admin\":\"1\",\"generate_site\":\"1\",\"generate_site_views\":\"1\",\"generate_site_layout_article\":\"1\",\"generate_site_layout_blog\":\"1\",\"generate_categories\":\"1\",\"generate_categories_site_views_categories\":\"1\",\"generate_categories_site_views_category\":\"1\",\"generate_plugins\":\"1\",\"generate_plugins_search\":\"1\",\"generate_plugins_finder\":\"1\",\"generate_plugins_itemnavigation\":\"1\",\"generate_plugins_vote\":\"1\",\"generate_plugins_pagebreak\":\"1\",\"generate_plugins_emailcloak\":\"1\",\"generate_plugins_loadmodule\":\"1\",\"generate_plugins_events\":\"1\",\"generate_modules\":\"1\"}','{\"include_access\":\"\",\"include_alias\":\"\",\"include_assetacl\":\"\",\"include_assetacl_record\":\"\",\"include_batch\":\"\",\"include_checkout\":\"\",\"include_copy\":\"\",\"include_created\":\"\",\"include_description\":\"\",\"include_featured\":\"\",\"include_hits\":\"\",\"include_image\":\"\",\"include_intro\":\"\",\"include_language\":\"\",\"include_metadata\":\"\",\"include_microdata\":\"\",\"include_modified\":\"\",\"include_name\":\"\",\"include_ordering\":\"\",\"include_params_global\":\"\",\"include_params_menu\":\"\",\"include_params_record\":\"\",\"include_published_dates\":\"\",\"include_status\":\"\",\"include_tags\":\"\",\"include_urls\":\"\",\"include_versions\":\"\"}',1,'2017-09-14 22:13:26',1,'','2017-09-15 14:32:38',1,1,'2017-09-16 15:43:33',1,5),
(28,'Code Templates','',6,0,'Code Templates','code_template','code_templates','Template','Templates',0,'','','{\"generate_admin\":\"1\",\"generate_site\":\"1\",\"generate_site_views\":\"1\",\"generate_site_layout_article\":\"1\",\"generate_site_layout_blog\":\"1\",\"generate_categories\":\"1\",\"generate_categories_site_views_categories\":\"1\",\"generate_categories_site_views_category\":\"1\",\"generate_plugins\":\"1\",\"generate_plugins_search\":\"1\",\"generate_plugins_finder\":\"1\",\"generate_plugins_itemnavigation\":\"1\",\"generate_plugins_vote\":\"1\",\"generate_plugins_pagebreak\":\"1\",\"generate_plugins_emailcloak\":\"1\",\"generate_plugins_loadmodule\":\"1\",\"generate_plugins_events\":\"1\",\"generate_modules\":\"1\"}','{\"include_access\":\"\",\"include_alias\":\"\",\"include_assetacl\":\"\",\"include_assetacl_record\":\"\",\"include_batch\":\"\",\"include_checkout\":\"\",\"include_copy\":\"\",\"include_created\":\"\",\"include_description\":\"\",\"include_featured\":\"\",\"include_hits\":\"\",\"include_image\":\"\",\"include_intro\":\"\",\"include_language\":\"\",\"include_metadata\":\"\",\"include_microdata\":\"\",\"include_modified\":\"\",\"include_name\":\"\",\"include_ordering\":\"\",\"include_params_global\":\"\",\"include_params_menu\":\"\",\"include_params_record\":\"\",\"include_published_dates\":\"\",\"include_status\":\"\",\"include_tags\":\"\",\"include_urls\":\"\",\"include_versions\":\"\"}',1,'2017-09-14 22:13:42',1,'','2017-09-15 00:51:26',1,1,'2017-09-17 15:04:12',1,6),
(29,'Expediente','<p>Expediente picker sólo puede aceptar valor cuando existe el campo NAME en jt_expediente.</p>\r\n<p>fieldType = modal no genera CONSTRAINT </p>\r\n<p>@ToDo manually add CONSTRAINT id_expediente -&gt; jt_expediente for each table</p>\r\n<p> </p>',1,0,'Expedientes','expediente_s','expediente','Expediente','Expedientes',0,'images/open_icon_library-standard/icons/png/16x16/actions/address-book-new.png','images/open_icon_library-standard/icons/png/48x48/actions/address-book-new.png','{\"generate_admin\":\"1\",\"generate_site\":\"1\",\"generate_site_views\":\"1\",\"generate_site_layout_article\":\"1\",\"generate_site_layout_blog\":\"1\",\"generate_admin_dashboard\":\"0\",\"generate_categories\":\"1\",\"generate_categories_site_views_categories\":\"1\",\"generate_categories_site_views_category\":\"1\",\"generate_plugins\":\"1\",\"generate_plugins_search\":\"1\",\"generate_plugins_finder\":\"1\",\"generate_plugins_itemnavigation\":\"1\",\"generate_plugins_vote\":\"1\",\"generate_plugins_pagebreak\":\"1\",\"generate_plugins_emailcloak\":\"1\",\"generate_plugins_loadmodule\":\"1\",\"generate_plugins_events\":\"1\",\"generate_modules\":\"1\"}','{\"include_access\":\"0\",\"include_alias\":\"\",\"include_assetacl\":\"\",\"include_assetacl_record\":\"0\",\"include_batch\":\"\",\"include_checkout\":\"\",\"include_copy\":\"\",\"include_created\":\"\",\"include_description\":\"\",\"include_featured\":\"\",\"include_hits\":\"\",\"include_image\":\"\",\"include_intro\":\"\",\"include_language\":\"\",\"include_metadata\":\"\",\"include_microdata\":\"\",\"include_modified\":\"\",\"include_name\":\"1\",\"include_ordering\":\"0\",\"include_params_global\":\"\",\"include_params_menu\":\"\",\"include_params_record\":\"0\",\"include_published_dates\":\"\",\"include_status\":\"\",\"include_tags\":\"\",\"include_urls\":\"\",\"include_versions\":\"\"}',1,'2017-09-19 05:16:06',1,'','2017-10-03 14:35:36',1,0,'0000-00-00 00:00:00',17,3),
(30,'Archivo adjunto','<p>Registra los archivos adjuntos, los archivos se pueden corresponder con representaciones gráficas de huellas digitales, firmas autografas, etc.</p>',1,0,'Archivos Adjuntos','uploadedfile','uploadedfiles','FileUpload','FileUploads',0,'images/open_icon_library-standard/icons/png/16x16/actions/address-book-new.png','images/open_icon_library-standard/icons/png/48x48/actions/address-book-new.png','{\"generate_admin\":\"1\",\"generate_site\":\"1\",\"generate_site_views\":\"1\",\"generate_site_layout_article\":\"1\",\"generate_site_layout_blog\":\"1\",\"generate_admin_dashboard\":\"0\",\"generate_categories\":\"1\",\"generate_categories_site_views_categories\":\"1\",\"generate_categories_site_views_category\":\"1\",\"generate_plugins\":\"1\",\"generate_plugins_search\":\"1\",\"generate_plugins_finder\":\"1\",\"generate_plugins_itemnavigation\":\"1\",\"generate_plugins_vote\":\"1\",\"generate_plugins_pagebreak\":\"1\",\"generate_plugins_emailcloak\":\"1\",\"generate_plugins_loadmodule\":\"1\",\"generate_plugins_events\":\"1\",\"generate_modules\":\"1\"}','{\"include_access\":\"\",\"include_alias\":\"\",\"include_assetacl\":\"\",\"include_assetacl_record\":\"\",\"include_batch\":\"\",\"include_checkout\":\"\",\"include_copy\":\"0\",\"include_created\":\"\",\"include_description\":\"\",\"include_featured\":\"\",\"include_hits\":\"\",\"include_image\":\"\",\"include_intro\":\"\",\"include_language\":\"\",\"include_metadata\":\"\",\"include_microdata\":\"\",\"include_modified\":\"0\",\"include_name\":\"1\",\"include_ordering\":\"0\",\"include_params_global\":\"\",\"include_params_menu\":\"\",\"include_params_record\":\"\",\"include_published_dates\":\"\",\"include_status\":\"0\",\"include_tags\":\"\",\"include_urls\":\"\",\"include_versions\":\"0\"}',1,'2017-09-22 16:46:03',1,'','2017-10-03 14:35:36',1,0,'0000-00-00 00:00:00',10,1),
(31,'LIBRO DE GOBIERNO','SP-ejecución',7,0,'ejemplos','lspe01','l_ejemplo','jtlejemplo','jtlejemploes',0,'','','{\"generate_admin\":\"1\",\"generate_site\":\"1\",\"generate_site_views\":\"1\",\"generate_site_layout_article\":\"1\",\"generate_site_layout_blog\":\"1\",\"generate_admin_dashboard\":\"1\",\"generate_categories\":\"1\",\"generate_categories_site_views_categories\":\"1\",\"generate_categories_site_views_category\":\"1\",\"generate_plugins\":\"1\",\"generate_plugins_search\":\"1\",\"generate_plugins_finder\":\"1\",\"generate_plugins_itemnavigation\":\"1\",\"generate_plugins_vote\":\"1\",\"generate_plugins_pagebreak\":\"1\",\"generate_plugins_emailcloak\":\"1\",\"generate_plugins_loadmodule\":\"1\",\"generate_plugins_events\":\"1\",\"generate_modules\":\"1\"}','{\"include_access\":\"\",\"include_alias\":\"\",\"include_assetacl\":\"\",\"include_assetacl_record\":\"\",\"include_batch\":\"\",\"include_checkout\":\"\",\"include_copy\":\"\",\"include_created\":\"\",\"include_description\":\"\",\"include_featured\":\"\",\"include_hits\":\"\",\"include_image\":\"\",\"include_intro\":\"\",\"include_language\":\"\",\"include_metadata\":\"\",\"include_microdata\":\"\",\"include_modified\":\"\",\"include_name\":\"\",\"include_ordering\":\"\",\"include_params_global\":\"\",\"include_params_menu\":\"\",\"include_params_record\":\"\",\"include_published_dates\":\"\",\"include_status\":\"\",\"include_tags\":\"\",\"include_urls\":\"\",\"include_versions\":\"\"}',0,'2017-08-19 19:39:21',1,'','2017-09-19 06:19:01',1,0,'0000-00-00 00:00:00',3,2),
(32,'LIBRO DE RESOLUCIONES DE PLANO.','SP-ejecución',7,0,'ejemplos','lspe02','l_ejemplo','jtlejemplo','jtlejemploes',0,'','','{\"generate_admin\":\"1\",\"generate_site\":\"1\",\"generate_site_views\":\"1\",\"generate_site_layout_article\":\"1\",\"generate_site_layout_blog\":\"1\",\"generate_admin_dashboard\":\"1\",\"generate_categories\":\"1\",\"generate_categories_site_views_categories\":\"1\",\"generate_categories_site_views_category\":\"1\",\"generate_plugins\":\"1\",\"generate_plugins_search\":\"1\",\"generate_plugins_finder\":\"1\",\"generate_plugins_itemnavigation\":\"1\",\"generate_plugins_vote\":\"1\",\"generate_plugins_pagebreak\":\"1\",\"generate_plugins_emailcloak\":\"1\",\"generate_plugins_loadmodule\":\"1\",\"generate_plugins_events\":\"1\",\"generate_modules\":\"1\"}','{\"include_access\":\"\",\"include_alias\":\"\",\"include_assetacl\":\"\",\"include_assetacl_record\":\"\",\"include_batch\":\"\",\"include_checkout\":\"\",\"include_copy\":\"\",\"include_created\":\"\",\"include_description\":\"\",\"include_featured\":\"\",\"include_hits\":\"\",\"include_image\":\"\",\"include_intro\":\"\",\"include_language\":\"\",\"include_metadata\":\"\",\"include_microdata\":\"\",\"include_modified\":\"\",\"include_name\":\"\",\"include_ordering\":\"\",\"include_params_global\":\"\",\"include_params_menu\":\"\",\"include_params_record\":\"\",\"include_published_dates\":\"\",\"include_status\":\"\",\"include_tags\":\"\",\"include_urls\":\"\",\"include_versions\":\"\"}',0,'2017-08-19 19:39:21',1,'','2017-09-19 06:19:01',1,0,'0000-00-00 00:00:00',3,2),
(33,'LIBRO DE RESOLUCIONES DE PLANO','SP-ejecución',7,0,'ejemplos','lspe03','l_ejemplo','jtlejemplo','jtlejemploes',0,'','','{\"generate_admin\":\"1\",\"generate_site\":\"1\",\"generate_site_views\":\"1\",\"generate_site_layout_article\":\"1\",\"generate_site_layout_blog\":\"1\",\"generate_admin_dashboard\":\"1\",\"generate_categories\":\"1\",\"generate_categories_site_views_categories\":\"1\",\"generate_categories_site_views_category\":\"1\",\"generate_plugins\":\"1\",\"generate_plugins_search\":\"1\",\"generate_plugins_finder\":\"1\",\"generate_plugins_itemnavigation\":\"1\",\"generate_plugins_vote\":\"1\",\"generate_plugins_pagebreak\":\"1\",\"generate_plugins_emailcloak\":\"1\",\"generate_plugins_loadmodule\":\"1\",\"generate_plugins_events\":\"1\",\"generate_modules\":\"1\"}','{\"include_access\":\"\",\"include_alias\":\"\",\"include_assetacl\":\"\",\"include_assetacl_record\":\"\",\"include_batch\":\"\",\"include_checkout\":\"\",\"include_copy\":\"\",\"include_created\":\"\",\"include_description\":\"\",\"include_featured\":\"\",\"include_hits\":\"\",\"include_image\":\"\",\"include_intro\":\"\",\"include_language\":\"\",\"include_metadata\":\"\",\"include_microdata\":\"\",\"include_modified\":\"\",\"include_name\":\"\",\"include_ordering\":\"\",\"include_params_global\":\"\",\"include_params_menu\":\"\",\"include_params_record\":\"\",\"include_published_dates\":\"\",\"include_status\":\"\",\"include_tags\":\"\",\"include_urls\":\"\",\"include_versions\":\"\"}',0,'2017-08-19 19:39:21',1,'','2017-09-19 06:19:01',1,0,'0000-00-00 00:00:00',3,2),
(34,'LIBRO DE RESOLUCIONES','SP-ejecución',7,0,'ejemplos','lspe04','l_ejemplo','jtlejemplo','jtlejemploes',0,'','','{\"generate_admin\":\"1\",\"generate_site\":\"1\",\"generate_site_views\":\"1\",\"generate_site_layout_article\":\"1\",\"generate_site_layout_blog\":\"1\",\"generate_admin_dashboard\":\"1\",\"generate_categories\":\"1\",\"generate_categories_site_views_categories\":\"1\",\"generate_categories_site_views_category\":\"1\",\"generate_plugins\":\"1\",\"generate_plugins_search\":\"1\",\"generate_plugins_finder\":\"1\",\"generate_plugins_itemnavigation\":\"1\",\"generate_plugins_vote\":\"1\",\"generate_plugins_pagebreak\":\"1\",\"generate_plugins_emailcloak\":\"1\",\"generate_plugins_loadmodule\":\"1\",\"generate_plugins_events\":\"1\",\"generate_modules\":\"1\"}','{\"include_access\":\"\",\"include_alias\":\"\",\"include_assetacl\":\"\",\"include_assetacl_record\":\"\",\"include_batch\":\"\",\"include_checkout\":\"\",\"include_copy\":\"\",\"include_created\":\"\",\"include_description\":\"\",\"include_featured\":\"\",\"include_hits\":\"\",\"include_image\":\"\",\"include_intro\":\"\",\"include_language\":\"\",\"include_metadata\":\"\",\"include_microdata\":\"\",\"include_modified\":\"\",\"include_name\":\"\",\"include_ordering\":\"\",\"include_params_global\":\"\",\"include_params_menu\":\"\",\"include_params_record\":\"\",\"include_published_dates\":\"\",\"include_status\":\"\",\"include_tags\":\"\",\"include_urls\":\"\",\"include_versions\":\"\"}',0,'2017-08-19 19:39:21',1,'','2017-09-19 06:19:01',1,0,'0000-00-00 00:00:00',3,2),
(35,'LIBRO DE BENEFICIOS REVOCADO Y O/A.','SP-ejecución',7,0,'ejemplos','lspe05','l_ejemplo','jtlejemplo','jtlejemploes',0,'','','{\"generate_admin\":\"1\",\"generate_site\":\"1\",\"generate_site_views\":\"1\",\"generate_site_layout_article\":\"1\",\"generate_site_layout_blog\":\"1\",\"generate_admin_dashboard\":\"1\",\"generate_categories\":\"1\",\"generate_categories_site_views_categories\":\"1\",\"generate_categories_site_views_category\":\"1\",\"generate_plugins\":\"1\",\"generate_plugins_search\":\"1\",\"generate_plugins_finder\":\"1\",\"generate_plugins_itemnavigation\":\"1\",\"generate_plugins_vote\":\"1\",\"generate_plugins_pagebreak\":\"1\",\"generate_plugins_emailcloak\":\"1\",\"generate_plugins_loadmodule\":\"1\",\"generate_plugins_events\":\"1\",\"generate_modules\":\"1\"}','{\"include_access\":\"\",\"include_alias\":\"\",\"include_assetacl\":\"\",\"include_assetacl_record\":\"\",\"include_batch\":\"\",\"include_checkout\":\"\",\"include_copy\":\"\",\"include_created\":\"\",\"include_description\":\"\",\"include_featured\":\"\",\"include_hits\":\"\",\"include_image\":\"\",\"include_intro\":\"\",\"include_language\":\"\",\"include_metadata\":\"\",\"include_microdata\":\"\",\"include_modified\":\"\",\"include_name\":\"\",\"include_ordering\":\"\",\"include_params_global\":\"\",\"include_params_menu\":\"\",\"include_params_record\":\"\",\"include_published_dates\":\"\",\"include_status\":\"\",\"include_tags\":\"\",\"include_urls\":\"\",\"include_versions\":\"\"}',0,'2017-08-19 19:39:21',1,'','2017-09-19 06:19:01',1,0,'0000-00-00 00:00:00',3,2),
(36,'LIBRO DE DESISTIMIENTO','SP-ejecución',7,0,'ejemplos','lspe06','l_ejemplo','jtlejemplo','jtlejemploes',0,'','','{\"generate_admin\":\"1\",\"generate_site\":\"1\",\"generate_site_views\":\"1\",\"generate_site_layout_article\":\"1\",\"generate_site_layout_blog\":\"1\",\"generate_admin_dashboard\":\"1\",\"generate_categories\":\"1\",\"generate_categories_site_views_categories\":\"1\",\"generate_categories_site_views_category\":\"1\",\"generate_plugins\":\"1\",\"generate_plugins_search\":\"1\",\"generate_plugins_finder\":\"1\",\"generate_plugins_itemnavigation\":\"1\",\"generate_plugins_vote\":\"1\",\"generate_plugins_pagebreak\":\"1\",\"generate_plugins_emailcloak\":\"1\",\"generate_plugins_loadmodule\":\"1\",\"generate_plugins_events\":\"1\",\"generate_modules\":\"1\"}','{\"include_access\":\"\",\"include_alias\":\"\",\"include_assetacl\":\"\",\"include_assetacl_record\":\"\",\"include_batch\":\"\",\"include_checkout\":\"\",\"include_copy\":\"\",\"include_created\":\"\",\"include_description\":\"\",\"include_featured\":\"\",\"include_hits\":\"\",\"include_image\":\"\",\"include_intro\":\"\",\"include_language\":\"\",\"include_metadata\":\"\",\"include_microdata\":\"\",\"include_modified\":\"\",\"include_name\":\"\",\"include_ordering\":\"\",\"include_params_global\":\"\",\"include_params_menu\":\"\",\"include_params_record\":\"\",\"include_published_dates\":\"\",\"include_status\":\"\",\"include_tags\":\"\",\"include_urls\":\"\",\"include_versions\":\"\"}',0,'2017-08-19 19:39:21',1,'','2017-09-19 06:19:01',1,0,'0000-00-00 00:00:00',3,2),
(37,'LIBRO DE ARCHIVO','SP-ejecución',7,0,'ejemplos','lspe07','l_ejemplo','jtlejemplo','jtlejemploes',0,'','','{\"generate_admin\":\"1\",\"generate_site\":\"1\",\"generate_site_views\":\"1\",\"generate_site_layout_article\":\"1\",\"generate_site_layout_blog\":\"1\",\"generate_admin_dashboard\":\"1\",\"generate_categories\":\"1\",\"generate_categories_site_views_categories\":\"1\",\"generate_categories_site_views_category\":\"1\",\"generate_plugins\":\"1\",\"generate_plugins_search\":\"1\",\"generate_plugins_finder\":\"1\",\"generate_plugins_itemnavigation\":\"1\",\"generate_plugins_vote\":\"1\",\"generate_plugins_pagebreak\":\"1\",\"generate_plugins_emailcloak\":\"1\",\"generate_plugins_loadmodule\":\"1\",\"generate_plugins_events\":\"1\",\"generate_modules\":\"1\"}','{\"include_access\":\"\",\"include_alias\":\"\",\"include_assetacl\":\"\",\"include_assetacl_record\":\"\",\"include_batch\":\"\",\"include_checkout\":\"\",\"include_copy\":\"\",\"include_created\":\"\",\"include_description\":\"\",\"include_featured\":\"\",\"include_hits\":\"\",\"include_image\":\"\",\"include_intro\":\"\",\"include_language\":\"\",\"include_metadata\":\"\",\"include_microdata\":\"\",\"include_modified\":\"\",\"include_name\":\"\",\"include_ordering\":\"\",\"include_params_global\":\"\",\"include_params_menu\":\"\",\"include_params_record\":\"\",\"include_published_dates\":\"\",\"include_status\":\"\",\"include_tags\":\"\",\"include_urls\":\"\",\"include_versions\":\"\"}',0,'2017-08-19 19:39:21',1,'','2017-09-19 06:19:01',1,0,'0000-00-00 00:00:00',3,2),
(38,'LIBRO DE FINANZAS','SP-ejecución',7,0,'ejemplos','lspe08','l_ejemplo','jtlejemplo','jtlejemploes',0,'','','{\"generate_admin\":\"1\",\"generate_site\":\"1\",\"generate_site_views\":\"1\",\"generate_site_layout_article\":\"1\",\"generate_site_layout_blog\":\"1\",\"generate_admin_dashboard\":\"1\",\"generate_categories\":\"1\",\"generate_categories_site_views_categories\":\"1\",\"generate_categories_site_views_category\":\"1\",\"generate_plugins\":\"1\",\"generate_plugins_search\":\"1\",\"generate_plugins_finder\":\"1\",\"generate_plugins_itemnavigation\":\"1\",\"generate_plugins_vote\":\"1\",\"generate_plugins_pagebreak\":\"1\",\"generate_plugins_emailcloak\":\"1\",\"generate_plugins_loadmodule\":\"1\",\"generate_plugins_events\":\"1\",\"generate_modules\":\"1\"}','{\"include_access\":\"\",\"include_alias\":\"\",\"include_assetacl\":\"\",\"include_assetacl_record\":\"\",\"include_batch\":\"\",\"include_checkout\":\"\",\"include_copy\":\"\",\"include_created\":\"\",\"include_description\":\"\",\"include_featured\":\"\",\"include_hits\":\"\",\"include_image\":\"\",\"include_intro\":\"\",\"include_language\":\"\",\"include_metadata\":\"\",\"include_microdata\":\"\",\"include_modified\":\"\",\"include_name\":\"\",\"include_ordering\":\"\",\"include_params_global\":\"\",\"include_params_menu\":\"\",\"include_params_record\":\"\",\"include_published_dates\":\"\",\"include_status\":\"\",\"include_tags\":\"\",\"include_urls\":\"\",\"include_versions\":\"\"}',0,'2017-08-19 19:39:21',1,'','2017-09-19 06:19:01',1,0,'0000-00-00 00:00:00',3,2),
(39,'LIBRO DE INGRESO Y EGRESO DE BILLETES','SP-ejecución',7,0,'ejemplos','lspe09','l_ejemplo','jtlejemplo','jtlejemploes',0,'','','{\"generate_admin\":\"1\",\"generate_site\":\"1\",\"generate_site_views\":\"1\",\"generate_site_layout_article\":\"1\",\"generate_site_layout_blog\":\"1\",\"generate_admin_dashboard\":\"1\",\"generate_categories\":\"1\",\"generate_categories_site_views_categories\":\"1\",\"generate_categories_site_views_category\":\"1\",\"generate_plugins\":\"1\",\"generate_plugins_search\":\"1\",\"generate_plugins_finder\":\"1\",\"generate_plugins_itemnavigation\":\"1\",\"generate_plugins_vote\":\"1\",\"generate_plugins_pagebreak\":\"1\",\"generate_plugins_emailcloak\":\"1\",\"generate_plugins_loadmodule\":\"1\",\"generate_plugins_events\":\"1\",\"generate_modules\":\"1\"}','{\"include_access\":\"\",\"include_alias\":\"\",\"include_assetacl\":\"\",\"include_assetacl_record\":\"\",\"include_batch\":\"\",\"include_checkout\":\"\",\"include_copy\":\"\",\"include_created\":\"\",\"include_description\":\"\",\"include_featured\":\"\",\"include_hits\":\"\",\"include_image\":\"\",\"include_intro\":\"\",\"include_language\":\"\",\"include_metadata\":\"\",\"include_microdata\":\"\",\"include_modified\":\"\",\"include_name\":\"\",\"include_ordering\":\"\",\"include_params_global\":\"\",\"include_params_menu\":\"\",\"include_params_record\":\"\",\"include_published_dates\":\"\",\"include_status\":\"\",\"include_tags\":\"\",\"include_urls\":\"\",\"include_versions\":\"\"}',0,'2017-08-19 19:39:21',1,'','2017-09-19 06:19:01',1,0,'0000-00-00 00:00:00',3,2),
(40,'LIBRO DE INGRESOS DE VALORES','',8,0,'jc02','jc02_s','jc02','2','jc02',34,'','','{\"generate_admin\":\"1\",\"generate_site\":\"1\",\"generate_site_views\":\"1\",\"generate_site_layout_article\":\"0\",\"generate_site_layout_blog\":\"0\",\"generate_admin_dashboard\":\"1\",\"generate_categories\":\"1\",\"generate_categories_site_views_categories\":\"1\",\"generate_categories_site_views_category\":\"1\",\"generate_plugins\":\"0\",\"generate_plugins_search\":\"0\",\"generate_plugins_finder\":\"0\",\"generate_plugins_itemnavigation\":\"0\",\"generate_plugins_vote\":\"0\",\"generate_plugins_pagebreak\":\"0\",\"generate_plugins_emailcloak\":\"0\",\"generate_plugins_loadmodule\":\"0\",\"generate_plugins_events\":\"0\",\"generate_modules\":\"0\"}','{\"include_access\":\"\",\"include_alias\":\"\",\"include_assetacl\":\"\",\"include_assetacl_record\":\"\",\"include_batch\":\"\",\"include_checkout\":\"\",\"include_copy\":\"\",\"include_created\":\"\",\"include_description\":\"\",\"include_featured\":\"\",\"include_hits\":\"\",\"include_image\":\"\",\"include_intro\":\"\",\"include_language\":\"\",\"include_metadata\":\"\",\"include_microdata\":\"\",\"include_modified\":\"\",\"include_name\":\"\",\"include_ordering\":\"\",\"include_params_global\":\"\",\"include_params_menu\":\"\",\"include_params_record\":\"\",\"include_published_dates\":\"\",\"include_status\":\"\",\"include_tags\":\"\",\"include_urls\":\"\",\"include_versions\":\"\"}',1,'2017-08-19 19:39:21',1,'','2017-10-27 22:45:52',1,0,'0000-00-00 00:00:00',3,1),
(41,'LIBRO DE EGRESOS DE VALORES','',8,0,'jc03','jc03_s','jc03','2','jc03',35,'','','{\"generate_admin\":\"1\",\"generate_site\":\"1\",\"generate_site_views\":\"1\",\"generate_site_layout_article\":\"0\",\"generate_site_layout_blog\":\"0\",\"generate_admin_dashboard\":\"1\",\"generate_categories\":\"1\",\"generate_categories_site_views_categories\":\"1\",\"generate_categories_site_views_category\":\"1\",\"generate_plugins\":\"0\",\"generate_plugins_search\":\"0\",\"generate_plugins_finder\":\"0\",\"generate_plugins_itemnavigation\":\"0\",\"generate_plugins_vote\":\"0\",\"generate_plugins_pagebreak\":\"0\",\"generate_plugins_emailcloak\":\"0\",\"generate_plugins_loadmodule\":\"0\",\"generate_plugins_events\":\"0\",\"generate_modules\":\"0\"}','{\"include_access\":\"\",\"include_alias\":\"\",\"include_assetacl\":\"\",\"include_assetacl_record\":\"\",\"include_batch\":\"\",\"include_checkout\":\"\",\"include_copy\":\"\",\"include_created\":\"\",\"include_description\":\"\",\"include_featured\":\"\",\"include_hits\":\"\",\"include_image\":\"\",\"include_intro\":\"\",\"include_language\":\"\",\"include_metadata\":\"\",\"include_microdata\":\"\",\"include_modified\":\"\",\"include_name\":\"\",\"include_ordering\":\"\",\"include_params_global\":\"\",\"include_params_menu\":\"\",\"include_params_record\":\"\",\"include_published_dates\":\"\",\"include_status\":\"\",\"include_tags\":\"\",\"include_urls\":\"\",\"include_versions\":\"\"}',1,'2017-08-19 19:39:21',1,'','2017-10-27 22:45:52',1,0,'0000-00-00 00:00:00',3,1),
(42,'LIBRO DE REGISTRO DE PROMOCIONES','',8,0,'jc04','jc04_s','jc04','2','jc04',36,'','','{\"generate_admin\":\"1\",\"generate_site\":\"1\",\"generate_site_views\":\"1\",\"generate_site_layout_article\":\"0\",\"generate_site_layout_blog\":\"0\",\"generate_admin_dashboard\":\"1\",\"generate_categories\":\"1\",\"generate_categories_site_views_categories\":\"1\",\"generate_categories_site_views_category\":\"1\",\"generate_plugins\":\"0\",\"generate_plugins_search\":\"0\",\"generate_plugins_finder\":\"0\",\"generate_plugins_itemnavigation\":\"0\",\"generate_plugins_vote\":\"0\",\"generate_plugins_pagebreak\":\"0\",\"generate_plugins_emailcloak\":\"0\",\"generate_plugins_loadmodule\":\"0\",\"generate_plugins_events\":\"0\",\"generate_modules\":\"0\"}','{\"include_access\":\"\",\"include_alias\":\"\",\"include_assetacl\":\"\",\"include_assetacl_record\":\"\",\"include_batch\":\"\",\"include_checkout\":\"\",\"include_copy\":\"\",\"include_created\":\"\",\"include_description\":\"\",\"include_featured\":\"\",\"include_hits\":\"\",\"include_image\":\"\",\"include_intro\":\"\",\"include_language\":\"\",\"include_metadata\":\"\",\"include_microdata\":\"\",\"include_modified\":\"\",\"include_name\":\"\",\"include_ordering\":\"\",\"include_params_global\":\"\",\"include_params_menu\":\"\",\"include_params_record\":\"\",\"include_published_dates\":\"\",\"include_status\":\"\",\"include_tags\":\"\",\"include_urls\":\"\",\"include_versions\":\"\"}',1,'2017-08-19 19:39:21',1,'','2017-10-27 22:45:52',1,0,'0000-00-00 00:00:00',3,1),
(43,'LIBRO DE TURNO PARA SENTENCIA','',8,0,'jc05','jc05_s','jc05','2','jc05',37,'','','{\"generate_admin\":\"1\",\"generate_site\":\"1\",\"generate_site_views\":\"1\",\"generate_site_layout_article\":\"0\",\"generate_site_layout_blog\":\"0\",\"generate_admin_dashboard\":\"1\",\"generate_categories\":\"1\",\"generate_categories_site_views_categories\":\"1\",\"generate_categories_site_views_category\":\"1\",\"generate_plugins\":\"0\",\"generate_plugins_search\":\"0\",\"generate_plugins_finder\":\"0\",\"generate_plugins_itemnavigation\":\"0\",\"generate_plugins_vote\":\"0\",\"generate_plugins_pagebreak\":\"0\",\"generate_plugins_emailcloak\":\"0\",\"generate_plugins_loadmodule\":\"0\",\"generate_plugins_events\":\"0\",\"generate_modules\":\"0\"}','{\"include_access\":\"\",\"include_alias\":\"\",\"include_assetacl\":\"\",\"include_assetacl_record\":\"\",\"include_batch\":\"\",\"include_checkout\":\"\",\"include_copy\":\"\",\"include_created\":\"\",\"include_description\":\"\",\"include_featured\":\"\",\"include_hits\":\"\",\"include_image\":\"\",\"include_intro\":\"\",\"include_language\":\"\",\"include_metadata\":\"\",\"include_microdata\":\"\",\"include_modified\":\"\",\"include_name\":\"\",\"include_ordering\":\"\",\"include_params_global\":\"\",\"include_params_menu\":\"\",\"include_params_record\":\"\",\"include_published_dates\":\"\",\"include_status\":\"\",\"include_tags\":\"\",\"include_urls\":\"\",\"include_versions\":\"\"}',1,'2017-08-19 19:39:21',1,'','2017-10-27 22:45:52',1,0,'0000-00-00 00:00:00',3,1),
(44,'LIBRO DE RECURSOS DE APELACIÓN','',8,0,'jc06','jc06_s','jc06','2','jc06',38,'','','{\"generate_admin\":\"1\",\"generate_site\":\"1\",\"generate_site_views\":\"1\",\"generate_site_layout_article\":\"0\",\"generate_site_layout_blog\":\"0\",\"generate_admin_dashboard\":\"1\",\"generate_categories\":\"1\",\"generate_categories_site_views_categories\":\"1\",\"generate_categories_site_views_category\":\"1\",\"generate_plugins\":\"0\",\"generate_plugins_search\":\"0\",\"generate_plugins_finder\":\"0\",\"generate_plugins_itemnavigation\":\"0\",\"generate_plugins_vote\":\"0\",\"generate_plugins_pagebreak\":\"0\",\"generate_plugins_emailcloak\":\"0\",\"generate_plugins_loadmodule\":\"0\",\"generate_plugins_events\":\"0\",\"generate_modules\":\"0\"}','{\"include_access\":\"\",\"include_alias\":\"\",\"include_assetacl\":\"\",\"include_assetacl_record\":\"\",\"include_batch\":\"\",\"include_checkout\":\"\",\"include_copy\":\"\",\"include_created\":\"\",\"include_description\":\"\",\"include_featured\":\"\",\"include_hits\":\"\",\"include_image\":\"\",\"include_intro\":\"\",\"include_language\":\"\",\"include_metadata\":\"\",\"include_microdata\":\"\",\"include_modified\":\"\",\"include_name\":\"\",\"include_ordering\":\"\",\"include_params_global\":\"\",\"include_params_menu\":\"\",\"include_params_record\":\"\",\"include_published_dates\":\"\",\"include_status\":\"\",\"include_tags\":\"\",\"include_urls\":\"\",\"include_versions\":\"\"}',1,'2017-08-19 19:39:21',1,'','2017-10-27 22:45:52',1,0,'0000-00-00 00:00:00',3,1),
(45,'LIBRO DE EXHORTOS','',8,0,'jc07','jc07_s','jc07','2','jc07',39,'','','{\"generate_admin\":\"1\",\"generate_site\":\"1\",\"generate_site_views\":\"1\",\"generate_site_layout_article\":\"0\",\"generate_site_layout_blog\":\"0\",\"generate_admin_dashboard\":\"1\",\"generate_categories\":\"1\",\"generate_categories_site_views_categories\":\"1\",\"generate_categories_site_views_category\":\"1\",\"generate_plugins\":\"0\",\"generate_plugins_search\":\"0\",\"generate_plugins_finder\":\"0\",\"generate_plugins_itemnavigation\":\"0\",\"generate_plugins_vote\":\"0\",\"generate_plugins_pagebreak\":\"0\",\"generate_plugins_emailcloak\":\"0\",\"generate_plugins_loadmodule\":\"0\",\"generate_plugins_events\":\"0\",\"generate_modules\":\"0\"}','{\"include_access\":\"\",\"include_alias\":\"\",\"include_assetacl\":\"\",\"include_assetacl_record\":\"\",\"include_batch\":\"\",\"include_checkout\":\"\",\"include_copy\":\"\",\"include_created\":\"\",\"include_description\":\"\",\"include_featured\":\"\",\"include_hits\":\"\",\"include_image\":\"\",\"include_intro\":\"\",\"include_language\":\"\",\"include_metadata\":\"\",\"include_microdata\":\"\",\"include_modified\":\"\",\"include_name\":\"\",\"include_ordering\":\"\",\"include_params_global\":\"\",\"include_params_menu\":\"\",\"include_params_record\":\"\",\"include_published_dates\":\"\",\"include_status\":\"\",\"include_tags\":\"\",\"include_urls\":\"\",\"include_versions\":\"\"}',1,'2017-08-19 19:39:21',1,'','2017-10-27 22:45:52',1,0,'0000-00-00 00:00:00',3,1),
(46,'LIBRO DE OFICIOS','',8,0,'jc08','jc08_s','jc08','2','jc08',40,'','','{\"generate_admin\":\"1\",\"generate_site\":\"1\",\"generate_site_views\":\"1\",\"generate_site_layout_article\":\"0\",\"generate_site_layout_blog\":\"0\",\"generate_admin_dashboard\":\"1\",\"generate_categories\":\"1\",\"generate_categories_site_views_categories\":\"1\",\"generate_categories_site_views_category\":\"1\",\"generate_plugins\":\"0\",\"generate_plugins_search\":\"0\",\"generate_plugins_finder\":\"0\",\"generate_plugins_itemnavigation\":\"0\",\"generate_plugins_vote\":\"0\",\"generate_plugins_pagebreak\":\"0\",\"generate_plugins_emailcloak\":\"0\",\"generate_plugins_loadmodule\":\"0\",\"generate_plugins_events\":\"0\",\"generate_modules\":\"0\"}','{\"include_access\":\"\",\"include_alias\":\"\",\"include_assetacl\":\"\",\"include_assetacl_record\":\"\",\"include_batch\":\"\",\"include_checkout\":\"\",\"include_copy\":\"\",\"include_created\":\"\",\"include_description\":\"\",\"include_featured\":\"\",\"include_hits\":\"\",\"include_image\":\"\",\"include_intro\":\"\",\"include_language\":\"\",\"include_metadata\":\"\",\"include_microdata\":\"\",\"include_modified\":\"\",\"include_name\":\"\",\"include_ordering\":\"\",\"include_params_global\":\"\",\"include_params_menu\":\"\",\"include_params_record\":\"\",\"include_published_dates\":\"\",\"include_status\":\"\",\"include_tags\":\"\",\"include_urls\":\"\",\"include_versions\":\"\"}',1,'2017-08-19 19:39:21',1,'','2017-10-27 22:45:52',1,0,'0000-00-00 00:00:00',3,1),
(47,'LIBRO DE ACTUARIOS','',8,0,'jc09','jc09_s','jc09','2','jc09',41,'','','{\"generate_admin\":\"1\",\"generate_site\":\"1\",\"generate_site_views\":\"1\",\"generate_site_layout_article\":\"0\",\"generate_site_layout_blog\":\"0\",\"generate_admin_dashboard\":\"1\",\"generate_categories\":\"1\",\"generate_categories_site_views_categories\":\"1\",\"generate_categories_site_views_category\":\"1\",\"generate_plugins\":\"0\",\"generate_plugins_search\":\"0\",\"generate_plugins_finder\":\"0\",\"generate_plugins_itemnavigation\":\"0\",\"generate_plugins_vote\":\"0\",\"generate_plugins_pagebreak\":\"0\",\"generate_plugins_emailcloak\":\"0\",\"generate_plugins_loadmodule\":\"0\",\"generate_plugins_events\":\"0\",\"generate_modules\":\"0\"}','{\"include_access\":\"\",\"include_alias\":\"\",\"include_assetacl\":\"\",\"include_assetacl_record\":\"\",\"include_batch\":\"\",\"include_checkout\":\"\",\"include_copy\":\"\",\"include_created\":\"\",\"include_description\":\"\",\"include_featured\":\"\",\"include_hits\":\"\",\"include_image\":\"\",\"include_intro\":\"\",\"include_language\":\"\",\"include_metadata\":\"\",\"include_microdata\":\"\",\"include_modified\":\"\",\"include_name\":\"\",\"include_ordering\":\"\",\"include_params_global\":\"\",\"include_params_menu\":\"\",\"include_params_record\":\"\",\"include_published_dates\":\"\",\"include_status\":\"\",\"include_tags\":\"\",\"include_urls\":\"\",\"include_versions\":\"\"}',1,'2017-08-19 19:39:21',1,'','2017-10-27 22:45:52',1,0,'0000-00-00 00:00:00',3,1),
(48,'LIBRO DE AUXILIARES DE LA ADMINISTRACIÓN DE JUSTICIA','',8,0,'jc10','jc10_s','jc10','2','jc10',42,'','','{\"generate_admin\":\"1\",\"generate_site\":\"1\",\"generate_site_views\":\"1\",\"generate_site_layout_article\":\"0\",\"generate_site_layout_blog\":\"0\",\"generate_admin_dashboard\":\"1\",\"generate_categories\":\"1\",\"generate_categories_site_views_categories\":\"1\",\"generate_categories_site_views_category\":\"1\",\"generate_plugins\":\"0\",\"generate_plugins_search\":\"0\",\"generate_plugins_finder\":\"0\",\"generate_plugins_itemnavigation\":\"0\",\"generate_plugins_vote\":\"0\",\"generate_plugins_pagebreak\":\"0\",\"generate_plugins_emailcloak\":\"0\",\"generate_plugins_loadmodule\":\"0\",\"generate_plugins_events\":\"0\",\"generate_modules\":\"0\"}','{\"include_access\":\"\",\"include_alias\":\"\",\"include_assetacl\":\"\",\"include_assetacl_record\":\"\",\"include_batch\":\"\",\"include_checkout\":\"\",\"include_copy\":\"\",\"include_created\":\"\",\"include_description\":\"\",\"include_featured\":\"\",\"include_hits\":\"\",\"include_image\":\"\",\"include_intro\":\"\",\"include_language\":\"\",\"include_metadata\":\"\",\"include_microdata\":\"\",\"include_modified\":\"\",\"include_name\":\"\",\"include_ordering\":\"\",\"include_params_global\":\"\",\"include_params_menu\":\"\",\"include_params_record\":\"\",\"include_published_dates\":\"\",\"include_status\":\"\",\"include_tags\":\"\",\"include_urls\":\"\",\"include_versions\":\"\"}',1,'2017-08-19 19:39:21',1,'','2017-10-27 22:45:52',1,0,'0000-00-00 00:00:00',3,1),
(49,'LIBRO DE REGISTRO PARA NOTARIOS','<p>Utiliza jf11</p>',8,0,'jc11','jc11_s','jc11','2','jc11',43,'','','{\"generate_admin\":\"1\",\"generate_site\":\"1\",\"generate_site_views\":\"1\",\"generate_site_layout_article\":\"0\",\"generate_site_layout_blog\":\"0\",\"generate_admin_dashboard\":\"1\",\"generate_categories\":\"1\",\"generate_categories_site_views_categories\":\"1\",\"generate_categories_site_views_category\":\"1\",\"generate_plugins\":\"0\",\"generate_plugins_search\":\"0\",\"generate_plugins_finder\":\"0\",\"generate_plugins_itemnavigation\":\"0\",\"generate_plugins_vote\":\"0\",\"generate_plugins_pagebreak\":\"0\",\"generate_plugins_emailcloak\":\"0\",\"generate_plugins_loadmodule\":\"0\",\"generate_plugins_events\":\"0\",\"generate_modules\":\"0\"}','{\"include_access\":\"\",\"include_alias\":\"\",\"include_assetacl\":\"\",\"include_assetacl_record\":\"\",\"include_batch\":\"\",\"include_checkout\":\"\",\"include_copy\":\"\",\"include_created\":\"\",\"include_description\":\"\",\"include_featured\":\"\",\"include_hits\":\"\",\"include_image\":\"\",\"include_intro\":\"\",\"include_language\":\"\",\"include_metadata\":\"\",\"include_microdata\":\"\",\"include_modified\":\"\",\"include_name\":\"\",\"include_ordering\":\"\",\"include_params_global\":\"\",\"include_params_menu\":\"\",\"include_params_record\":\"\",\"include_published_dates\":\"\",\"include_status\":\"\",\"include_tags\":\"\",\"include_urls\":\"\",\"include_versions\":\"\"}',0,'2017-08-19 19:39:21',1,'','2017-10-29 17:29:36',1,0,'0000-00-00 00:00:00',5,1),
(50,'LIBRO DE REGISTRO DE AMPAROS','',8,0,'jc12','jc12_s','jc12','2','jc12',44,'','','{\"generate_admin\":\"1\",\"generate_site\":\"1\",\"generate_site_views\":\"1\",\"generate_site_layout_article\":\"0\",\"generate_site_layout_blog\":\"0\",\"generate_admin_dashboard\":\"1\",\"generate_categories\":\"1\",\"generate_categories_site_views_categories\":\"1\",\"generate_categories_site_views_category\":\"1\",\"generate_plugins\":\"0\",\"generate_plugins_search\":\"0\",\"generate_plugins_finder\":\"0\",\"generate_plugins_itemnavigation\":\"0\",\"generate_plugins_vote\":\"0\",\"generate_plugins_pagebreak\":\"0\",\"generate_plugins_emailcloak\":\"0\",\"generate_plugins_loadmodule\":\"0\",\"generate_plugins_events\":\"0\",\"generate_modules\":\"0\"}','{\"include_access\":\"\",\"include_alias\":\"\",\"include_assetacl\":\"\",\"include_assetacl_record\":\"\",\"include_batch\":\"\",\"include_checkout\":\"\",\"include_copy\":\"\",\"include_created\":\"\",\"include_description\":\"\",\"include_featured\":\"\",\"include_hits\":\"\",\"include_image\":\"\",\"include_intro\":\"\",\"include_language\":\"\",\"include_metadata\":\"\",\"include_microdata\":\"\",\"include_modified\":\"\",\"include_name\":\"\",\"include_ordering\":\"\",\"include_params_global\":\"\",\"include_params_menu\":\"\",\"include_params_record\":\"\",\"include_published_dates\":\"\",\"include_status\":\"\",\"include_tags\":\"\",\"include_urls\":\"\",\"include_versions\":\"\"}',1,'2017-08-19 19:39:21',1,'','2017-10-27 22:45:52',1,0,'0000-00-00 00:00:00',3,1),
(51,'LIBRO DE CONTROL DE FIANZAS','',8,0,'jc13','jc13_s','jc13','2','jc13',45,'','','{\"generate_admin\":\"1\",\"generate_site\":\"1\",\"generate_site_views\":\"1\",\"generate_site_layout_article\":\"0\",\"generate_site_layout_blog\":\"0\",\"generate_admin_dashboard\":\"1\",\"generate_categories\":\"1\",\"generate_categories_site_views_categories\":\"1\",\"generate_categories_site_views_category\":\"1\",\"generate_plugins\":\"0\",\"generate_plugins_search\":\"0\",\"generate_plugins_finder\":\"0\",\"generate_plugins_itemnavigation\":\"0\",\"generate_plugins_vote\":\"0\",\"generate_plugins_pagebreak\":\"0\",\"generate_plugins_emailcloak\":\"0\",\"generate_plugins_loadmodule\":\"0\",\"generate_plugins_events\":\"0\",\"generate_modules\":\"0\"}','{\"include_access\":\"\",\"include_alias\":\"\",\"include_assetacl\":\"\",\"include_assetacl_record\":\"\",\"include_batch\":\"\",\"include_checkout\":\"\",\"include_copy\":\"\",\"include_created\":\"\",\"include_description\":\"\",\"include_featured\":\"\",\"include_hits\":\"\",\"include_image\":\"\",\"include_intro\":\"\",\"include_language\":\"\",\"include_metadata\":\"\",\"include_microdata\":\"\",\"include_modified\":\"\",\"include_name\":\"\",\"include_ordering\":\"\",\"include_params_global\":\"\",\"include_params_menu\":\"\",\"include_params_record\":\"\",\"include_published_dates\":\"\",\"include_status\":\"\",\"include_tags\":\"\",\"include_urls\":\"\",\"include_versions\":\"\"}',1,'2017-08-19 19:39:21',1,'','2017-10-27 22:45:52',1,0,'0000-00-00 00:00:00',3,1),
(52,'LIBRO DE CONTROL DE MULTAS','',8,0,'jc14','jc14_s','jc14','2','jc14',46,'','','{\"generate_admin\":\"1\",\"generate_site\":\"1\",\"generate_site_views\":\"1\",\"generate_site_layout_article\":\"0\",\"generate_site_layout_blog\":\"0\",\"generate_admin_dashboard\":\"1\",\"generate_categories\":\"1\",\"generate_categories_site_views_categories\":\"1\",\"generate_categories_site_views_category\":\"1\",\"generate_plugins\":\"0\",\"generate_plugins_search\":\"0\",\"generate_plugins_finder\":\"0\",\"generate_plugins_itemnavigation\":\"0\",\"generate_plugins_vote\":\"0\",\"generate_plugins_pagebreak\":\"0\",\"generate_plugins_emailcloak\":\"0\",\"generate_plugins_loadmodule\":\"0\",\"generate_plugins_events\":\"0\",\"generate_modules\":\"0\"}','{\"include_access\":\"\",\"include_alias\":\"\",\"include_assetacl\":\"\",\"include_assetacl_record\":\"\",\"include_batch\":\"\",\"include_checkout\":\"\",\"include_copy\":\"\",\"include_created\":\"\",\"include_description\":\"\",\"include_featured\":\"\",\"include_hits\":\"\",\"include_image\":\"\",\"include_intro\":\"\",\"include_language\":\"\",\"include_metadata\":\"\",\"include_microdata\":\"\",\"include_modified\":\"\",\"include_name\":\"\",\"include_ordering\":\"\",\"include_params_global\":\"\",\"include_params_menu\":\"\",\"include_params_record\":\"\",\"include_published_dates\":\"\",\"include_status\":\"\",\"include_tags\":\"\",\"include_urls\":\"\",\"include_versions\":\"\"}',1,'2017-08-19 19:39:21',1,'','2017-10-27 22:45:52',1,0,'0000-00-00 00:00:00',3,1),
(53,'AGENDA DE AUDIENCIAS','',8,0,'jc16','jc16_s','jc16','2','jc16',47,'','','{\"generate_admin\":\"1\",\"generate_site\":\"1\",\"generate_site_views\":\"1\",\"generate_site_layout_article\":\"0\",\"generate_site_layout_blog\":\"0\",\"generate_admin_dashboard\":\"1\",\"generate_categories\":\"1\",\"generate_categories_site_views_categories\":\"1\",\"generate_categories_site_views_category\":\"1\",\"generate_plugins\":\"0\",\"generate_plugins_search\":\"0\",\"generate_plugins_finder\":\"0\",\"generate_plugins_itemnavigation\":\"0\",\"generate_plugins_vote\":\"0\",\"generate_plugins_pagebreak\":\"0\",\"generate_plugins_emailcloak\":\"0\",\"generate_plugins_loadmodule\":\"0\",\"generate_plugins_events\":\"0\",\"generate_modules\":\"0\"}','{\"include_access\":\"\",\"include_alias\":\"\",\"include_assetacl\":\"\",\"include_assetacl_record\":\"\",\"include_batch\":\"\",\"include_checkout\":\"\",\"include_copy\":\"\",\"include_created\":\"\",\"include_description\":\"\",\"include_featured\":\"\",\"include_hits\":\"\",\"include_image\":\"\",\"include_intro\":\"\",\"include_language\":\"\",\"include_metadata\":\"\",\"include_microdata\":\"\",\"include_modified\":\"\",\"include_name\":\"\",\"include_ordering\":\"\",\"include_params_global\":\"\",\"include_params_menu\":\"\",\"include_params_record\":\"\",\"include_published_dates\":\"\",\"include_status\":\"\",\"include_tags\":\"\",\"include_urls\":\"\",\"include_versions\":\"\"}',1,'2017-08-19 19:39:21',1,'','2017-10-27 22:45:52',1,0,'0000-00-00 00:00:00',3,1),
(54,'LIBRO DE REMISIÓN AL ARCHIVO','',8,0,'jc17','jc17_s','jc17','2','jc17',48,'','','{\"generate_admin\":\"1\",\"generate_site\":\"1\",\"generate_site_views\":\"1\",\"generate_site_layout_article\":\"0\",\"generate_site_layout_blog\":\"0\",\"generate_admin_dashboard\":\"1\",\"generate_categories\":\"1\",\"generate_categories_site_views_categories\":\"1\",\"generate_categories_site_views_category\":\"1\",\"generate_plugins\":\"0\",\"generate_plugins_search\":\"0\",\"generate_plugins_finder\":\"0\",\"generate_plugins_itemnavigation\":\"0\",\"generate_plugins_vote\":\"0\",\"generate_plugins_pagebreak\":\"0\",\"generate_plugins_emailcloak\":\"0\",\"generate_plugins_loadmodule\":\"0\",\"generate_plugins_events\":\"0\",\"generate_modules\":\"0\"}','{\"include_access\":\"\",\"include_alias\":\"\",\"include_assetacl\":\"\",\"include_assetacl_record\":\"\",\"include_batch\":\"\",\"include_checkout\":\"\",\"include_copy\":\"\",\"include_created\":\"\",\"include_description\":\"\",\"include_featured\":\"\",\"include_hits\":\"\",\"include_image\":\"\",\"include_intro\":\"\",\"include_language\":\"\",\"include_metadata\":\"\",\"include_microdata\":\"\",\"include_modified\":\"\",\"include_name\":\"\",\"include_ordering\":\"\",\"include_params_global\":\"\",\"include_params_menu\":\"\",\"include_params_record\":\"\",\"include_published_dates\":\"\",\"include_status\":\"\",\"include_tags\":\"\",\"include_urls\":\"\",\"include_versions\":\"\"}',1,'2017-08-19 19:39:21',1,'','2017-10-27 22:45:52',1,0,'0000-00-00 00:00:00',3,1),
(55,'LIBRO DE REMISIÓN DE DOCUMENTOS AL ARCHIVO','',8,0,'jc18','jc18_s','jc18','2','jc18',49,'','','{\"generate_admin\":\"1\",\"generate_site\":\"1\",\"generate_site_views\":\"1\",\"generate_site_layout_article\":\"0\",\"generate_site_layout_blog\":\"0\",\"generate_admin_dashboard\":\"1\",\"generate_categories\":\"1\",\"generate_categories_site_views_categories\":\"1\",\"generate_categories_site_views_category\":\"1\",\"generate_plugins\":\"0\",\"generate_plugins_search\":\"0\",\"generate_plugins_finder\":\"0\",\"generate_plugins_itemnavigation\":\"0\",\"generate_plugins_vote\":\"0\",\"generate_plugins_pagebreak\":\"0\",\"generate_plugins_emailcloak\":\"0\",\"generate_plugins_loadmodule\":\"0\",\"generate_plugins_events\":\"0\",\"generate_modules\":\"0\"}','{\"include_access\":\"\",\"include_alias\":\"\",\"include_assetacl\":\"\",\"include_assetacl_record\":\"\",\"include_batch\":\"\",\"include_checkout\":\"\",\"include_copy\":\"\",\"include_created\":\"\",\"include_description\":\"\",\"include_featured\":\"\",\"include_hits\":\"\",\"include_image\":\"\",\"include_intro\":\"\",\"include_language\":\"\",\"include_metadata\":\"\",\"include_microdata\":\"\",\"include_modified\":\"\",\"include_name\":\"\",\"include_ordering\":\"\",\"include_params_global\":\"\",\"include_params_menu\":\"\",\"include_params_record\":\"\",\"include_published_dates\":\"\",\"include_status\":\"\",\"include_tags\":\"\",\"include_urls\":\"\",\"include_versions\":\"\"}',1,'2017-08-19 19:39:21',1,'','2017-10-27 22:45:52',1,0,'0000-00-00 00:00:00',3,1),
(56,'LIBRO DE ENVÍO DE EXPEDIENTES AL ARCHIVO JUDICIAL PARA SU DESTRUCCIÓN','',8,0,'jc19','jc19_s','jc19','2','jc19',50,'','','{\"generate_admin\":\"1\",\"generate_site\":\"1\",\"generate_site_views\":\"1\",\"generate_site_layout_article\":\"0\",\"generate_site_layout_blog\":\"0\",\"generate_admin_dashboard\":\"1\",\"generate_categories\":\"1\",\"generate_categories_site_views_categories\":\"1\",\"generate_categories_site_views_category\":\"1\",\"generate_plugins\":\"0\",\"generate_plugins_search\":\"0\",\"generate_plugins_finder\":\"0\",\"generate_plugins_itemnavigation\":\"0\",\"generate_plugins_vote\":\"0\",\"generate_plugins_pagebreak\":\"0\",\"generate_plugins_emailcloak\":\"0\",\"generate_plugins_loadmodule\":\"0\",\"generate_plugins_events\":\"0\",\"generate_modules\":\"0\"}','{\"include_access\":\"\",\"include_alias\":\"\",\"include_assetacl\":\"\",\"include_assetacl_record\":\"\",\"include_batch\":\"\",\"include_checkout\":\"\",\"include_copy\":\"\",\"include_created\":\"\",\"include_description\":\"\",\"include_featured\":\"\",\"include_hits\":\"\",\"include_image\":\"\",\"include_intro\":\"\",\"include_language\":\"\",\"include_metadata\":\"\",\"include_microdata\":\"\",\"include_modified\":\"\",\"include_name\":\"\",\"include_ordering\":\"\",\"include_params_global\":\"\",\"include_params_menu\":\"\",\"include_params_record\":\"\",\"include_published_dates\":\"\",\"include_status\":\"\",\"include_tags\":\"\",\"include_urls\":\"\",\"include_versions\":\"\"}',1,'2017-08-19 19:39:21',1,'','2017-10-27 22:45:52',1,0,'0000-00-00 00:00:00',3,1),
(57,'LIBRO DE CONTROL DE ASUNTOS CONFORME A LOS ARTÍCULOS 13 FRACCIÓN XIV Y 25 DE LA LEY DE TRANSPARENCIA Y ACCESO A LA INFORMACIÓN PÚBLICA','',8,0,'jc20','jc20_s','jc20','2','jc20',51,'','','{\"generate_admin\":\"1\",\"generate_site\":\"1\",\"generate_site_views\":\"1\",\"generate_site_layout_article\":\"0\",\"generate_site_layout_blog\":\"0\",\"generate_admin_dashboard\":\"1\",\"generate_categories\":\"1\",\"generate_categories_site_views_categories\":\"1\",\"generate_categories_site_views_category\":\"1\",\"generate_plugins\":\"0\",\"generate_plugins_search\":\"0\",\"generate_plugins_finder\":\"0\",\"generate_plugins_itemnavigation\":\"0\",\"generate_plugins_vote\":\"0\",\"generate_plugins_pagebreak\":\"0\",\"generate_plugins_emailcloak\":\"0\",\"generate_plugins_loadmodule\":\"0\",\"generate_plugins_events\":\"0\",\"generate_modules\":\"0\"}','{\"include_access\":\"\",\"include_alias\":\"\",\"include_assetacl\":\"\",\"include_assetacl_record\":\"\",\"include_batch\":\"\",\"include_checkout\":\"\",\"include_copy\":\"\",\"include_created\":\"\",\"include_description\":\"\",\"include_featured\":\"\",\"include_hits\":\"\",\"include_image\":\"\",\"include_intro\":\"\",\"include_language\":\"\",\"include_metadata\":\"\",\"include_microdata\":\"\",\"include_modified\":\"\",\"include_name\":\"\",\"include_ordering\":\"\",\"include_params_global\":\"\",\"include_params_menu\":\"\",\"include_params_record\":\"\",\"include_published_dates\":\"\",\"include_status\":\"\",\"include_tags\":\"\",\"include_urls\":\"\",\"include_versions\":\"\"}',1,'2017-08-19 19:39:21',1,'','2017-10-27 22:45:52',1,0,'0000-00-00 00:00:00',3,1),
(58,'LIBRO DE MINISTERIO PÚBLICO','',8,0,'jc21','jc21_s','jc21','2','jc21',52,'','','{\"generate_admin\":\"1\",\"generate_site\":\"1\",\"generate_site_views\":\"1\",\"generate_site_layout_article\":\"0\",\"generate_site_layout_blog\":\"0\",\"generate_admin_dashboard\":\"1\",\"generate_categories\":\"1\",\"generate_categories_site_views_categories\":\"1\",\"generate_categories_site_views_category\":\"1\",\"generate_plugins\":\"0\",\"generate_plugins_search\":\"0\",\"generate_plugins_finder\":\"0\",\"generate_plugins_itemnavigation\":\"0\",\"generate_plugins_vote\":\"0\",\"generate_plugins_pagebreak\":\"0\",\"generate_plugins_emailcloak\":\"0\",\"generate_plugins_loadmodule\":\"0\",\"generate_plugins_events\":\"0\",\"generate_modules\":\"0\"}','{\"include_access\":\"\",\"include_alias\":\"\",\"include_assetacl\":\"\",\"include_assetacl_record\":\"\",\"include_batch\":\"\",\"include_checkout\":\"\",\"include_copy\":\"\",\"include_created\":\"\",\"include_description\":\"\",\"include_featured\":\"\",\"include_hits\":\"\",\"include_image\":\"\",\"include_intro\":\"\",\"include_language\":\"\",\"include_metadata\":\"\",\"include_microdata\":\"\",\"include_modified\":\"\",\"include_name\":\"\",\"include_ordering\":\"\",\"include_params_global\":\"\",\"include_params_menu\":\"\",\"include_params_record\":\"\",\"include_published_dates\":\"\",\"include_status\":\"\",\"include_tags\":\"\",\"include_urls\":\"\",\"include_versions\":\"\"}',1,'2017-08-19 19:39:21',1,'','2017-10-27 22:45:52',1,0,'0000-00-00 00:00:00',3,1);
/*!40000 ALTER TABLE `jos_componentarchitect_componentobjects` ENABLE KEYS */;
UNLOCK TABLES;

--
-- Table structure for table `jos_componentarchitect_components`
--

DROP TABLE IF EXISTS `jos_componentarchitect_components`;
/*!40101 SET @saved_cs_client     = @@character_set_client */;
/*!40101 SET character_set_client = utf8 */;
CREATE TABLE `jos_componentarchitect_components` (
  `id` int(10) unsigned NOT NULL AUTO_INCREMENT,
  `name` varchar(255) NOT NULL DEFAULT '',
  `description` mediumtext NOT NULL,
  `author` varchar(100) NOT NULL DEFAULT '',
  `start_version` varchar(100) NOT NULL DEFAULT '',
  `web_address` varchar(100) NOT NULL DEFAULT '',
  `email` varchar(100) NOT NULL DEFAULT '',
  `code_name` varchar(50) NOT NULL DEFAULT '',
  `copyright` varchar(255) NOT NULL DEFAULT '',
  `default_object_id` int(10) NOT NULL DEFAULT '0',
  `icon_16px` varchar(255) NOT NULL DEFAULT '',
  `icon_48px` varchar(255) NOT NULL DEFAULT '',
  `categories_icon_16px` varchar(255) NOT NULL DEFAULT '',
  `categories_icon_48px` varchar(255) NOT NULL DEFAULT '',
  `joomla_parts` varchar(1024) NOT NULL DEFAULT '',
  `joomla_features` varchar(1024) NOT NULL DEFAULT '',
  `state` tinyint(1) NOT NULL DEFAULT '0',
  `created` datetime NOT NULL DEFAULT '0000-00-00 00:00:00',
  `created_by` int(10) unsigned NOT NULL DEFAULT '0',
  `created_by_alias` varchar(255) NOT NULL DEFAULT '',
  `modified` datetime NOT NULL DEFAULT '0000-00-00 00:00:00',
  `modified_by` int(10) unsigned NOT NULL DEFAULT '0',
  `checked_out` int(10) unsigned NOT NULL DEFAULT '0',
  `checked_out_time` datetime NOT NULL DEFAULT '0000-00-00 00:00:00',
  `version` int(10) unsigned NOT NULL DEFAULT '1',
  `ordering` int(11) NOT NULL DEFAULT '0',
  PRIMARY KEY (`id`),
  KEY `idx_checkout` (`checked_out`),
  KEY `idx_createdby` (`created_by`),
  KEY `idx_ordering` (`ordering`),
  CONSTRAINT `cac_createdby` FOREIGN KEY (`created_by`) REFERENCES `jos_users` (`id`) ON DELETE CASCADE ON UPDATE CASCADE
) ENGINE=InnoDB AUTO_INCREMENT=9 DEFAULT CHARSET=utf8;
/*!40101 SET character_set_client = @saved_cs_client */;

--
-- Dumping data for table `jos_componentarchitect_components`
--

LOCK TABLES `jos_componentarchitect_components` WRITE;
/*!40000 ALTER TABLE `jos_componentarchitect_components` DISABLE KEYS */;
INSERT INTO `jos_componentarchitect_components` VALUES (1,'TSJ CDMX Libros txCA','<div class=\"standard\">El objetivo del componente es sustituir los libros físicos que se utilizan en los órganos jurisdiccionales del TSJ CDMX por libros virtuales.</div>\r\n<div class=\"standard\">Debido a la gran cantidad de código que se producirá en CA he considerado generar un componente por materia y en este componente administrar los objetos de apoyo, como son los objetos anidados.</div>\r\n<div class=\"standard\"> </div>\r\n<div class=\"standard\">Quieren formularios continuos, son reticentes con las ventanas modales que se utilizan con los objetos anidados.</div>\r\n<div class=\"standard\">Actualmente \"persons\" es un elemento no anidado, pero me gustaría convertirlo en anidado para hacer más limpio el código.</div>\r\n<div class=\"standard\">En el futuro se requerirá modificar los objetos y quitar el \"_s\" del code_name y agregar \"s\" al plural_code_name; y re-nombrar las tablas y vistas.</div>','caballeroantonio','1.0.0','caballeroantonio.com','caballeroantonio@hotmail.com','jt_ca','Copyright (c) 2017 - 2020. All Rights Reserved',1,'','','','','{\"generate_admin\":\"1\",\"generate_site\":\"1\",\"generate_site_views\":\"1\",\"generate_site_layout_article\":\"0\",\"generate_site_layout_blog\":\"0\",\"generate_admin_dashboard\":\"1\",\"generate_categories\":\"0\",\"generate_categories_site_views_categories\":\"0\",\"generate_categories_site_views_category\":\"0\",\"generate_plugins\":\"0\",\"generate_plugins_search\":\"0\",\"generate_plugins_finder\":\"0\",\"generate_plugins_itemnavigation\":\"0\",\"generate_plugins_vote\":\"0\",\"generate_plugins_pagebreak\":\"0\",\"generate_plugins_emailcloak\":\"0\",\"generate_plugins_loadmodule\":\"0\",\"generate_plugins_events\":\"0\",\"generate_modules\":\"0\"}','{\"include_access\":\"0\",\"include_alias\":\"0\",\"include_assetacl\":\"0\",\"include_assetacl_record\":\"0\",\"include_batch\":\"0\",\"include_checkout\":\"0\",\"include_copy\":\"1\",\"include_created\":\"1\",\"include_description\":\"0\",\"include_featured\":\"0\",\"include_hits\":\"0\",\"include_image\":\"0\",\"include_intro\":\"0\",\"include_language\":\"0\",\"include_metadata\":\"0\",\"include_microdata\":\"0\",\"include_modified\":\"1\",\"include_name\":\"0\",\"include_ordering\":\"1\",\"include_params_global\":\"0\",\"include_params_menu\":\"0\",\"include_params_record\":\"0\",\"include_published_dates\":\"0\",\"include_status\":\"1\",\"include_tags\":\"0\",\"include_urls\":\"0\",\"include_versions\":\"1\"}',1,'2017-08-19 19:34:58',1,'','2017-10-30 01:22:00',1,0,'0000-00-00 00:00:00',11,7),
(2,'TSJ CDMX Libros en Salas Civiles txCA','<div class=\"standard\">El objetivo del componente es sustituir los libros físicos que se utilizan en los órganos jurisdiccionales de Segunda Instancia Cívil del TSJ CDMX por libros virtuales.</div>\r\n<div class=\"standard\"> </div>\r\n<div class=\"standard\">CHANGELOG</div>\r\n<div class=\"standard\">20170919 Todos los field.filter = false para evitar SELECT DISCTINCT</div>\r\n<div class=\"standard\">20170919 se agregó FIELD_TYPE = expediente, name reemplaza expedienteFriendlyName</div>\r\n<div class=\"standard\">20170921 quitar \'PARTES DEL JUICIO\' (actor, demandado, otros) del nivel 1, add expediente de origen nivel 2, remove Expediente del nivel 1</div>\r\n<div class=\"standard\">20170921 se agregó validaciones a todos los campos fecha</div>\r\n<div class=\"standard\">20170922 se agregó FIELD_TYPE = firma, se cambiaron los campos al FIELD_TYPE {expediente|firma}</div>\r\n<div class=\"standard\"> </div>\r\n<div class=\"standard\">@ToDo</div>\r\n<div class=\"standard\">- Remover todas las \'PARTES DEL JUICIO\' libros y agregarlo en objeto expediente</div>\r\n<div class=\"standard\">- Generar modificar el objeto modal para que permita capturar id_expediente, id_expediente_origen, elegir un expediente en de éste órgano y un expediente de origen de otro organo.</div>\r\n<div class=\"standard\">- Permitir registrar: AUTORIZADO POR QUÉ PARTE, PARTE ACTORA, PARTE DEMANDADA</div>\r\n<div class=\"standard\">Add key to id_expediente, field.filter = false quita TABLE.KEY</div>\r\n<div class=\"standard\">\r\n<p>Make expediente de origen, read only on 1ra instancia</p>\r\n</div>','caballeroantonio','1.0.0','caballeroantonio.com','caballeroantonio@hotmail.com','jtsc_ca','Copyright (c) 2017 - 2020. All Rights Reserved',3,'','','','','{\"generate_admin\":\"1\",\"generate_site\":\"0\",\"generate_site_views\":\"0\",\"generate_site_layout_article\":\"0\",\"generate_site_layout_blog\":\"0\",\"generate_admin_dashboard\":\"1\",\"generate_categories\":\"0\",\"generate_categories_site_views_categories\":\"0\",\"generate_categories_site_views_category\":\"0\",\"generate_plugins\":\"0\",\"generate_plugins_search\":\"0\",\"generate_plugins_finder\":\"0\",\"generate_plugins_itemnavigation\":\"0\",\"generate_plugins_vote\":\"0\",\"generate_plugins_pagebreak\":\"0\",\"generate_plugins_emailcloak\":\"0\",\"generate_plugins_loadmodule\":\"0\",\"generate_plugins_events\":\"0\",\"generate_modules\":\"0\"}','{\"include_access\":\"0\",\"include_alias\":\"0\",\"include_assetacl\":\"1\",\"include_assetacl_record\":\"0\",\"include_batch\":\"0\",\"include_checkout\":\"0\",\"include_copy\":\"1\",\"include_created\":\"1\",\"include_description\":\"0\",\"include_featured\":\"0\",\"include_hits\":\"0\",\"include_image\":\"0\",\"include_intro\":\"0\",\"include_language\":\"0\",\"include_metadata\":\"0\",\"include_microdata\":\"0\",\"include_modified\":\"1\",\"include_name\":\"0\",\"include_ordering\":\"1\",\"include_params_global\":\"0\",\"include_params_menu\":\"0\",\"include_params_record\":\"0\",\"include_published_dates\":\"0\",\"include_status\":\"1\",\"include_tags\":\"0\",\"include_urls\":\"0\",\"include_versions\":\"1\"}',1,'2017-08-19 19:34:58',1,'','2017-10-27 20:49:27',1,1,'2017-10-27 20:59:18',44,6),
(3,'T396 Catalogo General','<ul>\r\n<li>El componente sustituirá las tablas jtc_general y jtc_generalt</li>\r\n<li>Falta desarrollar el script de migración, las referencias id_catalogo serán redirigidas a jos_categories</li>\r\n</ul>','caballeroantonio','1.0.1','caballeroantonio.com','caballeroantonio@hotmail.com','tsj_cgeneral','Copyright (c) 2017 - 2020. All Rights Reserved',1,'','','','','{\"generate_admin\":\"1\",\"generate_site\":\"1\",\"generate_site_views\":\"1\",\"generate_site_layout_article\":\"1\",\"generate_site_layout_blog\":\"1\",\"generate_categories\":\"1\",\"generate_categories_site_views_categories\":\"1\",\"generate_categories_site_views_category\":\"1\",\"generate_plugins\":\"0\",\"generate_plugins_search\":\"0\",\"generate_plugins_finder\":\"0\",\"generate_plugins_itemnavigation\":\"0\",\"generate_plugins_vote\":\"0\",\"generate_plugins_pagebreak\":\"0\",\"generate_plugins_emailcloak\":\"0\",\"generate_plugins_loadmodule\":\"0\",\"generate_plugins_events\":\"0\",\"generate_modules\":\"0\"}','{\"include_access\":\"0\",\"include_alias\":\"0\",\"include_assetacl\":\"1\",\"include_assetacl_record\":\"1\",\"include_batch\":\"1\",\"include_checkout\":\"1\",\"include_copy\":\"1\",\"include_created\":\"1\",\"include_description\":\"0\",\"include_featured\":\"0\",\"include_hits\":\"0\",\"include_image\":\"0\",\"include_intro\":\"0\",\"include_language\":\"0\",\"include_metadata\":\"0\",\"include_microdata\":\"0\",\"include_modified\":\"1\",\"include_name\":\"0\",\"include_ordering\":\"1\",\"include_params_global\":\"1\",\"include_params_menu\":\"1\",\"include_params_record\":\"0\",\"include_published_dates\":\"0\",\"include_status\":\"1\",\"include_tags\":\"0\",\"include_urls\":\"0\",\"include_versions\":\"1\"}',1,'2017-08-19 19:34:58',1,'','2017-09-05 23:02:56',1,0,'0000-00-00 00:00:00',1,5),
(4,'T384 Avisos','<p>- avisos</p>','caballeroantonio','1.0.1','caballeroantonio.com','caballeroantonio@hotmail.com','t384','Copyright (c) 2017 - 2020. All Rights Reserved',1,'','','','','{\"generate_admin\":\"1\",\"generate_site\":\"1\",\"generate_site_views\":\"1\",\"generate_site_layout_article\":\"1\",\"generate_site_layout_blog\":\"1\",\"generate_categories\":\"0\",\"generate_categories_site_views_categories\":\"0\",\"generate_categories_site_views_category\":\"0\",\"generate_plugins\":\"0\",\"generate_plugins_search\":\"0\",\"generate_plugins_finder\":\"0\",\"generate_plugins_itemnavigation\":\"0\",\"generate_plugins_vote\":\"0\",\"generate_plugins_pagebreak\":\"0\",\"generate_plugins_emailcloak\":\"0\",\"generate_plugins_loadmodule\":\"0\",\"generate_plugins_events\":\"0\",\"generate_modules\":\"0\"}','{\"include_access\":\"1\",\"include_alias\":\"0\",\"include_assetacl\":\"1\",\"include_assetacl_record\":\"1\",\"include_batch\":\"1\",\"include_checkout\":\"1\",\"include_copy\":\"1\",\"include_created\":\"0\",\"include_description\":\"1\",\"include_featured\":\"0\",\"include_hits\":\"0\",\"include_image\":\"0\",\"include_intro\":\"0\",\"include_language\":\"1\",\"include_metadata\":\"0\",\"include_microdata\":\"0\",\"include_modified\":\"0\",\"include_name\":\"1\",\"include_ordering\":\"1\",\"include_params_global\":\"1\",\"include_params_menu\":\"1\",\"include_params_record\":\"1\",\"include_published_dates\":\"1\",\"include_status\":\"1\",\"include_tags\":\"1\",\"include_urls\":\"0\",\"include_versions\":\"0\"}',1,'2017-08-19 19:34:58',1,'','2017-09-01 00:38:09',1,0,'0000-00-00 00:00:00',1,4),
(5,'Materias en el TSJ CDMX','<ul>\r\n<li>Generar una GUI para desplegar la lista de materias</li>\r\n<li>Generar una categoría para primera y segunda instancia</li>\r\n<li>Agregar un campo descriptivo para ir agregando comentarios sobre los cambios que sufren las materias</li>\r\n<li>Agregar un campo para definir la etiqueta expedienteFriendlyName</li>\r\n<li>Agregar un campo para seleccionar las personalidades jurídicas obtenidas del componente Catálogo General</li>\r\n</ul>','caballeroantonio','1.0.1','caballeroantonio.com','caballeroantonio@hotmail.com','tsj_cmaterias','Copyright (c) 2017 - 2020. All Rights Reserved',1,'','','','','{\"generate_admin\":\"1\",\"generate_site\":\"0\",\"generate_site_views\":\"0\",\"generate_site_layout_article\":\"0\",\"generate_site_layout_blog\":\"0\",\"generate_categories\":\"1\",\"generate_categories_site_views_categories\":\"0\",\"generate_categories_site_views_category\":\"0\",\"generate_plugins\":\"0\",\"generate_plugins_search\":\"0\",\"generate_plugins_finder\":\"0\",\"generate_plugins_itemnavigation\":\"0\",\"generate_plugins_vote\":\"0\",\"generate_plugins_pagebreak\":\"0\",\"generate_plugins_emailcloak\":\"0\",\"generate_plugins_loadmodule\":\"0\",\"generate_plugins_events\":\"0\",\"generate_modules\":\"0\"}','{\"include_access\":\"0\",\"include_alias\":\"0\",\"include_assetacl\":\"1\",\"include_assetacl_record\":\"0\",\"include_batch\":\"0\",\"include_checkout\":\"0\",\"include_copy\":\"1\",\"include_created\":\"1\",\"include_description\":\"1\",\"include_featured\":\"0\",\"include_hits\":\"0\",\"include_image\":\"0\",\"include_intro\":\"0\",\"include_language\":\"0\",\"include_metadata\":\"0\",\"include_microdata\":\"0\",\"include_modified\":\"1\",\"include_name\":\"0\",\"include_ordering\":\"1\",\"include_params_global\":\"1\",\"include_params_menu\":\"1\",\"include_params_record\":\"0\",\"include_published_dates\":\"0\",\"include_status\":\"1\",\"include_tags\":\"0\",\"include_urls\":\"0\",\"include_versions\":\"1\"}',1,'2017-08-19 19:34:58',1,'','2017-09-05 18:04:35',1,0,'0000-00-00 00:00:00',1,3),
(6,'Component Architect Manager','<p>Component Architect is a Joomla! extension that allows for the automated code generation of other Joomla! extensions (components, modules and plugins).</p>\r\n<p>CHANGELOG</p>\r\n<p>20170728 inicial</p>\r\n<p>20170731 Add ACL, fix bugs</p>\r\n<p>20170804 Add codetemplates</p>\r\n<p>20170805 Add Ant task to debug, fix bugs, add configurations for UCM and history options</p>\r\n<p>20170819 Improve INCLUDE_ALIAS, comment scripts,</p>\r\n<p>20170820 Improve ACL,</p>\r\n<p>20170828 Remove HTML documentations, add LATEX automatic documentation</p>\r\n<p>20170830 Improve INCLUDE_ALIAS</p>\r\n<p>20170831 Add es-ES support, add DB constraints and comments, improve automatic documentation</p>\r\n<p>20170906 Improve DateTime GUI support</p>\r\n<p>20170910 Improve documentation, es-ES suppport</p>\r\n<p>20170913 Start export support</p>\r\n<p>20170915 Add control versions to ComponentArchitect</p>\r\n<p>20170915 Add Copy buttons</p>\r\n<p>20170915 Add Copy buttons</p>\r\n<p>20170921 change install.sql `created` DATETIME NOT NULL DEFAULT <strong>CURRENT_TIMESTAMP</strong>,</p>\r\n<p>20170921 add DATE type</p>\r\n<p> </p>\r\n<p>@ToDo</p>\r\n<p>Finish admin help buttons, JToolbar::help -&gt; pdf#section</p>\r\n<p>Finish dashboard</p>\r\n<p>Finish LATEX manuals or HTML manuals</p>\r\n<p>Finish ExtJS views (grids)</p>\r\n<p>Add state to each object</p>\r\n<p>Finish export support</p>\r\n<p>Add key to id_expediente, field.filter = false quita TABLE.KEY</p>','caballeroantonio','1.2.0tx','caballeroantonio.com','caballeroantonio@hotmail.com','component_architect','Copyright (c)2013 - 2016 Simply Open Source Ltd. (trading as Component Architect). All Rights Reserved',0,'','','','','{\"generate_admin\":\"1\",\"generate_site\":\"0\",\"generate_site_views\":\"0\",\"generate_site_layout_article\":\"0\",\"generate_site_layout_blog\":\"0\",\"generate_categories\":\"1\",\"generate_categories_site_views_categories\":\"0\",\"generate_categories_site_views_category\":\"0\",\"generate_plugins\":\"0\",\"generate_plugins_search\":\"0\",\"generate_plugins_finder\":\"0\",\"generate_plugins_itemnavigation\":\"0\",\"generate_plugins_vote\":\"0\",\"generate_plugins_pagebreak\":\"0\",\"generate_plugins_emailcloak\":\"0\",\"generate_plugins_loadmodule\":\"0\",\"generate_plugins_events\":\"0\",\"generate_modules\":\"0\"}','{\"include_access\":\"0\",\"include_alias\":\"0\",\"include_assetacl\":\"0\",\"include_assetacl_record\":\"0\",\"include_batch\":\"0\",\"include_checkout\":\"1\",\"include_copy\":\"1\",\"include_created\":\"1\",\"include_description\":\"0\",\"include_featured\":\"0\",\"include_hits\":\"0\",\"include_image\":\"0\",\"include_intro\":\"0\",\"include_language\":\"0\",\"include_metadata\":\"0\",\"include_microdata\":\"0\",\"include_modified\":\"0\",\"include_name\":\"1\",\"include_ordering\":\"1\",\"include_params_global\":\"0\",\"include_params_menu\":\"0\",\"include_params_record\":\"0\",\"include_published_dates\":\"0\",\"include_status\":\"1\",\"include_tags\":\"0\",\"include_urls\":\"0\",\"include_versions\":\"1\"}',1,'2017-09-14 22:08:07',1,'','2017-09-22 02:02:36',1,0,'0000-00-00 00:00:00',27,2),
(7,'TSJ CDMX Libros en Salas Penales txCA','<p>El objetivo del componente es sustituir los libros físicos que se utilizan en los órganos jurisdiccionales de Segunda Instancia Penal del TSJ CDMX por libros virtuales.</p>\r\n<p> </p>\r\n<p>lspexx = libro de salas penales - ejecución.</p>','caballeroantonio','1.0.0','caballeroantonio.com','caballeroantonio@hotmail.com','jtsp_ca','Copyright (c) 2017 - 2020. All Rights Reserved',29,'','','','','{\"generate_admin\":\"1\",\"generate_site\":\"1\",\"generate_site_views\":\"1\",\"generate_site_layout_article\":\"0\",\"generate_site_layout_blog\":\"0\",\"generate_admin_dashboard\":\"1\",\"generate_categories\":\"0\",\"generate_categories_site_views_categories\":\"0\",\"generate_categories_site_views_category\":\"0\",\"generate_plugins\":\"0\",\"generate_plugins_search\":\"0\",\"generate_plugins_finder\":\"0\",\"generate_plugins_itemnavigation\":\"0\",\"generate_plugins_vote\":\"0\",\"generate_plugins_pagebreak\":\"0\",\"generate_plugins_emailcloak\":\"0\",\"generate_plugins_loadmodule\":\"0\",\"generate_plugins_events\":\"0\",\"generate_modules\":\"0\"}','{\"include_access\":\"0\",\"include_alias\":\"0\",\"include_assetacl\":\"1\",\"include_assetacl_record\":\"0\",\"include_batch\":\"0\",\"include_checkout\":\"0\",\"include_copy\":\"1\",\"include_created\":\"1\",\"include_description\":\"0\",\"include_featured\":\"0\",\"include_hits\":\"0\",\"include_image\":\"0\",\"include_intro\":\"0\",\"include_language\":\"0\",\"include_metadata\":\"0\",\"include_microdata\":\"0\",\"include_modified\":\"1\",\"include_name\":\"0\",\"include_ordering\":\"1\",\"include_params_global\":\"0\",\"include_params_menu\":\"0\",\"include_params_record\":\"0\",\"include_published_dates\":\"0\",\"include_status\":\"1\",\"include_tags\":\"0\",\"include_urls\":\"0\",\"include_versions\":\"1\"}',1,'2017-08-19 19:34:58',1,'','2017-10-25 22:32:24',1,0,'0000-00-00 00:00:00',45,1),
(8,'TSJ CDMX Libros en Juzgados Civiles txCA','<div class=\"standard\">El objetivo del componente es sustituir los libros físicos que se utilizan en los órganos jurisdiccionales del TSJ CDMX por libros virtuales.</div>\r\n<div class=\"standard\">En el futuro se requerirá modificar los objetos y quitar el \"_s\" del code_name y agregar \"s\" al plural_code_name; y re-nombrar las tablas y vistas.</div>','caballeroantonio','1.0.0','caballeroantonio.com','caballeroantonio@hotmail.com','jtjc_ca','Copyright (c) 2017 - 2020. All Rights Reserved',1,'','','','','{\"generate_admin\":\"1\",\"generate_site\":\"1\",\"generate_site_views\":\"1\",\"generate_site_layout_article\":\"0\",\"generate_site_layout_blog\":\"0\",\"generate_admin_dashboard\":\"1\",\"generate_categories\":\"0\",\"generate_categories_site_views_categories\":\"0\",\"generate_categories_site_views_category\":\"0\",\"generate_plugins\":\"0\",\"generate_plugins_search\":\"0\",\"generate_plugins_finder\":\"0\",\"generate_plugins_itemnavigation\":\"0\",\"generate_plugins_vote\":\"0\",\"generate_plugins_pagebreak\":\"0\",\"generate_plugins_emailcloak\":\"0\",\"generate_plugins_loadmodule\":\"0\",\"generate_plugins_events\":\"0\",\"generate_modules\":\"0\"}','{\"include_access\":\"1\",\"include_alias\":\"0\",\"include_assetacl\":\"1\",\"include_assetacl_record\":\"1\",\"include_batch\":\"1\",\"include_checkout\":\"1\",\"include_copy\":\"1\",\"include_created\":\"1\",\"include_description\":\"0\",\"include_featured\":\"0\",\"include_hits\":\"0\",\"include_image\":\"0\",\"include_intro\":\"0\",\"include_language\":\"0\",\"include_metadata\":\"0\",\"include_microdata\":\"1\",\"include_modified\":\"1\",\"include_name\":\"0\",\"include_ordering\":\"1\",\"include_params_global\":\"1\",\"include_params_menu\":\"1\",\"include_params_record\":\"1\",\"include_published_dates\":\"0\",\"include_status\":\"1\",\"include_tags\":\"0\",\"include_urls\":\"0\",\"include_versions\":\"1\"}',1,'2017-08-19 19:34:58',1,'','2017-10-30 01:43:52',1,0,'0000-00-00 00:00:00',11,0);
/*!40000 ALTER TABLE `jos_componentarchitect_components` ENABLE KEYS */;
UNLOCK TABLES;

--
-- Table structure for table `jos_componentarchitect_fields`
--

DROP TABLE IF EXISTS `jos_componentarchitect_fields`;
/*!40101 SET @saved_cs_client     = @@character_set_client */;
/*!40101 SET character_set_client = utf8 */;
CREATE TABLE `jos_componentarchitect_fields` (
  `id` int(10) unsigned NOT NULL AUTO_INCREMENT,
  `name` varchar(255) NOT NULL DEFAULT '',
  `description` mediumtext NOT NULL,
  `code_name` varchar(50) NOT NULL DEFAULT '',
  `component_id` int(10) unsigned NOT NULL DEFAULT '0',
  `component_object_id` int(10) unsigned NOT NULL DEFAULT '0',
  `fieldset_id` int(10) unsigned NOT NULL DEFAULT '0',
  `predefined_field` tinyint(1) NOT NULL DEFAULT '0',
  `fieldtype_id` int(10) unsigned NOT NULL DEFAULT '0',
  `required` tinyint(1) NOT NULL DEFAULT '0',
  `filter` tinyint(1) NOT NULL DEFAULT '0',
  `order` tinyint(1) NOT NULL DEFAULT '0',
  `search` tinyint(1) NOT NULL DEFAULT '0',
  `readonly` tinyint(1) NOT NULL DEFAULT '0',
  `disabled` tinyint(1) NOT NULL DEFAULT '0',
  `hidden` tinyint(1) NOT NULL DEFAULT '0',
  `validate` tinyint(1) NOT NULL DEFAULT '0',
  `validation_type` varchar(15) NOT NULL DEFAULT '',
  `allowed_input` varchar(100) NOT NULL DEFAULT '',
  `custom_error_message` varchar(255) NOT NULL DEFAULT '',
  `registry_field_id` int(10) NOT NULL DEFAULT '0',
  `php_variable_type` varchar(10) NOT NULL DEFAULT 'string',
  `default` varchar(255) NOT NULL DEFAULT '',
  `class` varchar(50) NOT NULL DEFAULT '',
  `size` varchar(5) NOT NULL DEFAULT '',
  `maxlength` varchar(5) NOT NULL DEFAULT '',
  `width` varchar(5) NOT NULL DEFAULT '',
  `height` varchar(5) NOT NULL DEFAULT '',
  `cols` varchar(5) NOT NULL DEFAULT '',
  `rows` varchar(5) NOT NULL DEFAULT '',
  `value_source` varchar(40) NOT NULL DEFAULT '',
  `option_values` mediumtext NOT NULL,
  `multiple` tinyint(1) NOT NULL DEFAULT '0',
  `format` varchar(25) NOT NULL DEFAULT '',
  `first` varchar(5) NOT NULL DEFAULT '',
  `last` varchar(5) NOT NULL DEFAULT '',
  `step` varchar(5) NOT NULL DEFAULT '',
  `hide_none` tinyint(1) NOT NULL DEFAULT '0',
  `hide_default` tinyint(1) NOT NULL DEFAULT '0',
  `buttons` varchar(100) NOT NULL DEFAULT '',
  `hide_buttons` varchar(100) NOT NULL DEFAULT '',
  `foreign_object_id` int(10) unsigned NOT NULL DEFAULT '0',
  `cascade_object` tinyint(1) NOT NULL DEFAULT '0',
  `field_filter` varchar(15) NOT NULL DEFAULT '',
  `max_file_size` varchar(10) NOT NULL DEFAULT '',
  `exclude_files` varchar(50) NOT NULL DEFAULT '',
  `accept_file_types` varchar(50) NOT NULL DEFAULT '',
  `directory` varchar(255) NOT NULL DEFAULT '',
  `link` varchar(255) NOT NULL DEFAULT '',
  `sql_query` varchar(1024) NOT NULL,
  `sql_key_field` varchar(50) NOT NULL DEFAULT '',
  `sql_value_field` varchar(50) NOT NULL DEFAULT '',
  `translate` tinyint(1) NOT NULL DEFAULT '0',
  `client` varchar(15) NOT NULL DEFAULT '',
  `stripext` tinyint(1) NOT NULL DEFAULT '0',
  `preview` varchar(15) NOT NULL DEFAULT '',
  `autocomplete` varchar(15) NOT NULL DEFAULT '',
  `onclick` varchar(255) NOT NULL,
  `onchange` varchar(255) NOT NULL,
  `mysql_datatype` varchar(15) NOT NULL DEFAULT '',
  `mysql_size` varchar(5) NOT NULL DEFAULT '',
  `mysql_default` varchar(50) NOT NULL DEFAULT '',
  `state` tinyint(1) NOT NULL DEFAULT '0',
  `created` datetime NOT NULL DEFAULT '0000-00-00 00:00:00',
  `created_by` int(10) unsigned NOT NULL DEFAULT '0',
  `created_by_alias` varchar(255) NOT NULL DEFAULT '',
  `modified` datetime NOT NULL DEFAULT '0000-00-00 00:00:00',
  `modified_by` int(10) unsigned NOT NULL DEFAULT '0',
  `checked_out` int(10) unsigned NOT NULL DEFAULT '0',
  `checked_out_time` datetime NOT NULL DEFAULT '0000-00-00 00:00:00',
  `version` int(10) unsigned NOT NULL DEFAULT '1',
  `ordering` int(11) NOT NULL DEFAULT '0',
  PRIMARY KEY (`id`),
  KEY `idx_checkout` (`checked_out`),
  KEY `idx_createdby` (`created_by`),
  KEY `idx_component_id` (`component_id`),
  KEY `idx_component_object_id` (`component_object_id`),
  KEY `idx_fieldset_id` (`fieldset_id`),
  KEY `idx_predefined_field` (`predefined_field`),
  KEY `idx_fieldtype_id` (`fieldtype_id`),
  KEY `idx_foreign_object_id` (`foreign_object_id`),
  KEY `idx_ordering` (`ordering`),
  KEY `caf_fieldsetid_idx` (`fieldset_id`,`component_object_id`,`component_id`),
  KEY `idx_state` (`state`),
  CONSTRAINT `caf_componentid` FOREIGN KEY (`component_id`) REFERENCES `jos_componentarchitect_components` (`id`) ON DELETE CASCADE ON UPDATE CASCADE,
  CONSTRAINT `caf_createdby` FOREIGN KEY (`created_by`) REFERENCES `jos_users` (`id`) ON DELETE CASCADE ON UPDATE CASCADE,
  CONSTRAINT `caf_fieldsetid` FOREIGN KEY (`fieldset_id`) REFERENCES `jos_componentarchitect_fieldsets` (`id`) ON DELETE CASCADE ON UPDATE CASCADE,
  CONSTRAINT `caf_objectid` FOREIGN KEY (`component_object_id`) REFERENCES `jos_componentarchitect_componentobjects` (`id`) ON DELETE CASCADE ON UPDATE CASCADE
) ENGINE=InnoDB AUTO_INCREMENT=562 DEFAULT CHARSET=utf8;
/*!40101 SET character_set_client = @saved_cs_client */;

--
-- Dumping data for table `jos_componentarchitect_fields`
--

LOCK TABLES `jos_componentarchitect_fields` WRITE;
/*!40000 ALTER TABLE `jos_componentarchitect_fields` DISABLE KEYS */;
INSERT INTO `jos_componentarchitect_fields` VALUES (1,'my boolean','','my_boolean',1,1,1,0,16,0,0,1,0,0,0,0,0,'','','',0,'string','','inputbox','1','','','','','','Option Values','0:No\n1:Si',0,'','','','',0,0,'*','*',0,0,'','','','','','','','','',0,'',0,'','','','','TINYINT','1','\'NULL\'',1,'2017-08-19 21:40:55',1,'','2017-08-19 21:59:29',1,1,'2017-09-17 21:05:42',1,2),
(2,'my int','','my_int',1,1,1,0,22,0,0,1,0,0,0,0,0,'numeric','','',0,'string','','inputbox','1','','','','','','Option Values','',0,'','','','',0,0,'*','*',0,0,'','','','','','','','','',0,'',0,'','','','','INT','10','\'NULL\'',1,'2017-08-19 21:42:55',1,'','2017-10-29 23:01:15',1,0,'0000-00-00 00:00:00',2,4),
(3,'my currency','<p>- Numeros flotantes de 2 digitos, con preferencias en mysql settings</p>\r\n<p>- @ToDo - cambiar el campo de texto del front end</p>','my_currency',1,1,1,0,37,0,0,1,0,0,0,0,0,'numeric','','',0,'string','','inputbox','1','','','','','','Option Values','',0,'','','','',0,0,'*','*',0,0,'','','','','','','','','',0,'',0,'','','','','DECIMAL','11,2','\'NULL\'',1,'2017-08-19 20:32:56',1,'','2017-08-19 21:59:29',1,0,'0000-00-00 00:00:00',1,5),
(4,'my date','','my_date',1,1,1,0,5,0,0,1,0,0,0,0,1,'date','','',0,'string','','inputbox','22','25','','','','','Option Values','',0,'%Y-%m-%d','','','',0,0,'*','*',0,0,'user_utc','','','','','','','','',0,'',0,'','','','','DATETIME','','\'NULL\'',1,'2017-08-19 19:42:28',1,'','2017-09-07 02:27:59',1,0,'0000-00-00 00:00:00',1,6),
(5,'my datetime','','my_datetime',1,1,1,0,36,0,0,1,0,0,0,0,1,'date','','',0,'string','','inputbox','22','25','','','','','Option Values','',0,'%Y-%m-%d %H:%M','','','',0,0,'*','*',0,0,'user_utc','','','','','','','','',0,'',0,'','','','','DATETIME','','\'NULL\'',1,'2017-08-19 20:22:05',1,'','2017-08-19 21:30:16',1,1,'2017-09-06 16:43:56',1,7),
(6,'my var45','','my_var45',1,1,1,0,1,0,0,1,0,0,0,0,0,'','','',0,'string','','inputbox','50','255','','','','','Option Values','',0,'','','','',0,0,'*','*',0,0,'','','','','','','','','',0,'',0,'','','','','VARCHAR','45','\'NULL\'',1,'2017-08-19 22:01:07',1,'','2017-08-19 22:01:31',1,0,'0000-00-00 00:00:00',1,8),
(7,'my var255','<p>Ejemplo varchar 255</p>','my_var255',1,1,1,0,1,0,0,1,0,0,0,0,0,'','','',0,'string','','inputbox','50','255','','','','','Option Values','',0,'','','','',0,0,'*','*',0,0,'','','','','','','','','',0,'',0,'','','','','VARCHAR','255','\'NULL\'',1,'2017-08-19 22:01:34',1,'','2017-08-27 11:37:04',1,0,'0000-00-00 00:00:00',1,9),
(8,'my multiline','<p>@ToDo  cambiar el sql que pone TEXT(255)</p>','my_multiline',1,1,1,0,4,0,0,1,0,0,0,0,0,'','','',0,'string','','inputbox','50','255','','','','','Option Values','',0,'','','','',0,0,'*','*',0,0,'','','','','','','','','',0,'',0,'','','','','TEXT','','\'NULL\'',1,'2017-08-19 20:56:01',1,'','2017-08-19 22:26:16',1,0,'0000-00-00 00:00:00',1,10),
(9,'my ref2','<p>@ToDo poner constaints</p>\r\n<p> </p>\r\n<p>    INDEX `c3\\_10\\_idx` (`my\\_ref2` ASC),<br />    CONSTRAINT `c3\\_10`<br />        FOREIGN KEY (`my\\_ref2`)<br />        REFERENCES `jtc\\_general` (`id`)<br />        ON DELETE RESTRICT<br />        ON UPDATE CASCADE <br />        ,</p>','my_ref2',1,1,1,0,38,0,0,1,0,0,0,0,0,'','','',0,'string','','inputbox','50','255','','','','','Option Values','',0,'','','','',0,0,'*','*',0,0,'','','','','','','','','',0,'',0,'','','','','INT','10','\'NULL\'',1,'2017-08-19 22:04:57',1,'','2017-08-19 22:38:34',1,0,'0000-00-00 00:00:00',1,11),
(10,'my ref','<p>Campo de referencia a un catálogo</p>\r\n<p>@ToDo agregar constraints</p>\r\n<p>    INDEX `c3\\_1924\\_idx` (`my\\_ref` ASC),<br />    CONSTRAINT `c3\\_1924`<br />        FOREIGN KEY (`my\\_ref`)<br />        REFERENCES `jtc\\_materia` (`id`)<br />        ON DELETE RESTRICT<br />        ON UPDATE CASCADE <br />        ,</p>','my_ref',1,1,1,0,38,0,0,1,0,0,0,0,0,'','','',0,'string','','inputbox','1','','','','','','Option Values','',0,'','','','',0,0,'*','*',0,0,'','','','','','','SELECT id, country FROM gpcb.jtc_country','id','country',0,'',0,'','','','','INT','10','\'NULL\'',1,'2017-08-19 21:06:31',1,'','2017-08-19 22:39:22',1,0,'0000-00-00 00:00:00',1,12),
(11,'my person','<p>@ToDo buscar cómo implementar el fieldset person</p>','my_person',1,1,1,0,1,0,0,1,0,0,0,0,0,'','','',0,'string','','inputbox','50','255','','','','','Option Values','',0,'','','','',0,0,'*','*',0,0,'','','','','','','','','',0,'',0,'','','','','VARCHAR','255','\'NULL\'',1,'2017-08-19 22:05:40',1,'','2017-08-19 22:28:50',1,0,'0000-00-00 00:00:00',1,13),
(12,'my NFempleado','<p>@ToDo Debiera ser un campo int que hace referencia a un archivo</p>\r\n<pre id=\"line1\"><br /><br />`field14` INT NULL COMMENT \'id Firma interna\',	\r\n<span id=\"line74\"></span>	INDEX `c3\\_11\\_idx` (`field14` ASC),\r\n<span id=\"line75\"></span>	CONSTRAINT `c3\\_11`\r\n<span id=\"line76\"></span>		FOREIGN KEY (`field14`)\r\n<span id=\"line77\"></span>		REFERENCES `jt\\_uploadedfiles` (`id`)\r\n<span id=\"line78\"></span>		ON DELETE RESTRICT\r\n<span id=\"line79\"></span>		ON UPDATE CASCADE </pre>','my_NFempleado',1,1,1,0,35,0,0,1,0,0,0,0,0,'','','',0,'string','','inputbox','50','255','','','','','Option Values','',0,'','','','',0,0,'*','*',0,0,'','','','','','','','','',0,'',0,'','','','','INT','','\'NULL\'',1,'2017-08-19 21:24:29',1,'','2017-08-19 21:59:29',1,0,'0000-00-00 00:00:00',1,14),
(13,'my Fexterna','<p>@ToDo debieran ser 2 campos int, uno para huella y otro para firma</p>\r\n<pre id=\"line1\"><br /><br />    `my\\_fexterna` INT NULL COMMENT \'id\\_firma Firma externa\',<br />    INDEX `c3\\_14\\_idx` (`my\\_fexterna` ASC),<br />    CONSTRAINT `c3\\_14`<br />        FOREIGN KEY (`my\\_fexterna`)<br />        REFERENCES `jt\\_uploadedfiles` (`id`)<br />        ON DELETE RESTRICT<br />        ON UPDATE CASCADE,<br />    `my\\_fexternah` INT NULL COMMENT \'id\\_huella Firma externa\',<br />    INDEX `c3\\_14h\\_idx` (`my\\_fexternah` ASC),<br />    CONSTRAINT `c3\\_14h`<br />        FOREIGN KEY (`my\\_fexternah`)<br />        REFERENCES `jt\\_uploadedfiles` (`id`)<br />        ON DELETE RESTRICT<br />        ON UPDATE CASCADE <br />        , </pre>','my_Fexterna2',1,1,1,0,34,0,0,1,0,0,0,0,0,'numeric','','',0,'string','','inputbox','1','','','','','','Option Values','',0,'','','','',0,0,'*','*',0,0,'','','','','','','','','',0,'',0,'','','','','INT','','\'NULL\'',1,'2017-08-19 21:19:44',1,'','2017-08-19 22:43:11',1,0,'0000-00-00 00:00:00',1,15),
(14,'my parent','<p>Hay que hacer una implementación para registrar has\\_many</p>','my_parent',1,1,1,0,13,0,0,1,0,0,0,0,0,'numeric','','',0,'string','','modal','','','','','','','Option Values','',0,'','','','',0,0,'*','*',1,0,'','','','','','','','','',0,'',0,'','','','','INT','10','\'0\'',1,'2017-08-19 22:06:01',1,'','2017-09-01 22:25:13',1,1,'2017-09-01 22:25:13',1,16),
(15,'my suggest','','my_suggest',1,1,1,0,18,0,0,1,0,0,0,0,0,'','','',0,'string','','inputbox','50','255','','','','','Option Values','',0,'','','','',0,0,'*','*',0,0,'','','','','','','','','',0,'',0,'','','','','VARCHAR','255','\'NULL\'',1,'2017-08-19 22:06:30',1,'','2017-08-19 22:06:41',1,0,'0000-00-00 00:00:00',1,17),
(116,'FECHA DE RECEPCIÓN DEL ASUNTO','','field116',2,3,4,0,5,0,0,1,0,0,0,0,1,'date','','',0,'string','','inputbox','22','25','','','','','Option Values','',0,'%Y-%m-%d','','','',0,0,'*','*',0,0,'user_utc','','','','','','','','',0,'',0,'','','','','DATETIME','','\'NULL\'',1,'2017-08-19 22:01:07',1,'','2017-10-01 16:45:35',1,0,'0000-00-00 00:00:00',1,2),
(117,'NÚMERO DE PROYECTO','','field117',2,3,4,0,1,0,0,1,0,0,0,0,0,'','','',0,'string','','inputbox','50','255','','','','','Option Values','',0,'','','','',0,0,'*','*',0,0,'','','','','','','','','',0,'',0,'','','','','VARCHAR','45','\'NULL\'',1,'2017-08-19 22:01:07',1,'','2017-10-01 16:45:35',1,0,'0000-00-00 00:00:00',1,3),
(118,'NÚMERO DE TOCA','','id_expediente',2,3,4,0,33,1,0,1,1,0,0,0,0,'numeric','','',0,'int','','modal','','','','','','','Option Values','',0,'','','','',0,0,'*','*',29,0,'','','','','','','','','',0,'',0,'','','','','INT','10','\'NULL\'',1,'2017-08-19 22:01:07',1,'','2017-09-22 23:34:01',1,0,'0000-00-00 00:00:00',1,1),
(119,'PARTES DEL JUICIO','se vinculará al expediente','field119',2,3,4,0,1,0,0,1,0,0,0,0,0,'','','',0,'string','','inputbox','50','255','','','','','Option Values','',0,'','','','',0,0,'*','*',0,0,'','','','','','','','','',0,'',0,'','','','','VARCHAR','45','\'NULL\'',0,'2017-08-19 22:01:07',1,'','2017-10-01 16:45:35',1,0,'0000-00-00 00:00:00',1,4),
(120,'CONSTANCIAS RECIBIDAS','','field120',2,3,4,0,1,0,0,1,0,0,0,0,0,'','','',0,'string','','inputbox','50','255','','','','','Option Values','',0,'','','','',0,0,'*','*',0,0,'','','','','','','','','',0,'',0,'','','','','VARCHAR','45','\'NULL\'',1,'2017-08-19 22:01:07',1,'','2017-10-01 16:45:35',1,0,'0000-00-00 00:00:00',1,5),
(121,'RESOLUCIÓN RECURRIDA','<p>Creo que debería ser un binomio, un campo de fecha de resolución recurrida y un campo varchar255 para indicar la cuestión recurrida</p>','field121',2,3,4,0,1,0,0,1,0,0,0,0,0,'','','',0,'string','','inputbox','50','255','','','','','Option Values','',0,'','','','',0,0,'*','*',0,0,'','','','','','','','','',0,'',0,'','','','','VARCHAR','255','\'NULL\'',1,'2017-08-19 22:01:07',1,'','2017-10-21 19:01:53',1,0,'0000-00-00 00:00:00',2,6),
(122,'FECHA DE CIRCULACIÓN A P-3   ','','field122',2,3,4,0,5,0,0,1,0,0,0,0,1,'date','','',0,'string','','inputbox','22','25','','','','','Option Values','',0,'%Y-%m-%d','','','',0,0,'*','*',0,0,'user_utc','','','','','','','','',0,'',0,'','','','','DATETIME','','\'NULL\'',1,'2017-08-19 22:01:07',1,'','2017-10-01 16:45:35',1,0,'0000-00-00 00:00:00',1,7),
(123,'FECHA DEL DICTADO DE LA SENTENCIA','','field123',2,3,4,0,5,0,0,1,0,0,0,0,1,'date','','',0,'string','','inputbox','22','25','','','','','Option Values','',0,'%Y-%m-%d','','','',0,0,'*','*',0,0,'user_utc','','','','','','','','',0,'',0,'','','','','DATETIME','','\'NULL\'',1,'2017-08-19 22:01:07',1,'','2017-10-01 16:45:35',1,0,'0000-00-00 00:00:00',1,9),
(124,'FECHA DE DEVOLUCIÓN AL ARCHIVO','','field124',2,3,4,0,5,0,0,1,0,0,0,0,1,'date','','',0,'string','','inputbox','22','25','','','','','Option Values','',0,'%Y-%m-%d','','','',0,0,'*','*',0,0,'user_utc','','','','','','','','',0,'',0,'','','','','DATETIME','','\'NULL\'',1,'2017-08-19 22:01:07',1,'','2017-10-01 16:45:35',1,0,'0000-00-00 00:00:00',1,10),
(125,'NOMBRE DE QUIEN RECIBE LAS CONSTANCIAS','<p>LA RECEPCIÓN DE LAS CONSTANCIAS SE FIRMA DE RECIBIDO</p>','field125',2,3,4,0,1,0,0,1,0,0,0,0,0,'','','',0,'string','','inputbox','50','255','','','','','Option Values','',0,'','','','',0,0,'*','*',0,0,'','','','','','','','','',0,'',0,'','','','','VARCHAR','45','\'NULL\'',0,'2017-08-19 22:01:07',1,'','2017-10-01 16:45:35',1,0,'0000-00-00 00:00:00',2,11),
(126,'NOMBRE DEL PROYECTISTA','ayudaría un selector de nombres','field126',2,4,5,0,1,0,0,1,0,0,0,0,0,'','','',0,'string','','inputbox','50','255','','','','','Option Values','',0,'','','','',0,0,'*','*',0,0,'','','','','','','','','',0,'',0,'','','','','VARCHAR','45','\'NULL\'',1,'2017-08-19 22:01:07',1,'','2017-09-22 23:17:00',1,0,'0000-00-00 00:00:00',1,32),
(127,'FIRMA DE SALIDA','','field127',2,4,5,0,34,0,0,0,0,0,0,0,1,'numeric','','',0,'int','','modal','','','','','','','Option Values','',0,'','','','',0,0,'*','*',30,0,'','','','','','','','','',0,'',0,'','','','','INT','10','\'NULL\'',1,'2017-08-19 22:01:07',1,'','2017-09-22 16:31:57',1,0,'0000-00-00 00:00:00',2,34),
(128,'FECHA Y HORA DE ENTRADA','','field128',2,4,5,0,36,0,0,1,0,0,0,0,1,'date','','',0,'string','','inputbox','22','25','','','','','Option Values','',0,'%Y-%m-%d %H:%M','','','',0,0,'*','*',0,0,'user_utc','','','','','','','','',0,'',0,'','','','','DATETIME','','\'NULL\'',1,'2017-08-19 22:01:07',1,'','2017-09-22 23:17:00',1,0,'0000-00-00 00:00:00',1,35),
(129,'FECHA Y HORA DE SALIDA','','field129',2,4,5,0,36,0,0,1,0,0,0,0,1,'date','','',0,'string','','inputbox','22','25','','','','','Option Values','',0,'%Y-%m-%d %H:%M','','','',0,0,'*','*',0,0,'user_utc','','','','','','','','',0,'',0,'','','','','DATETIME','','\'NULL\'',1,'2017-08-19 22:01:07',1,'','2017-09-22 23:17:00',1,0,'0000-00-00 00:00:00',1,36),
(130,'FIRMA DE ENTRADA','<p>SE REQUIERE FIRMA DE ENTRADA</p>','field130',2,4,5,0,34,0,0,0,0,0,0,0,1,'numeric','','',0,'int','','modal','','','','','','','Option Values','',0,'','','','',0,0,'*','*',30,0,'','','','','','','','','',0,'',0,'','','','','INT','10','\'NULL\'',1,'2017-08-19 22:01:07',1,'','2017-09-22 23:17:00',1,0,'0000-00-00 00:00:00',2,33),
(131,'FECHA','','field131',2,5,6,0,5,0,0,1,0,0,0,0,1,'date','','',0,'string','','inputbox','22','25','','','','','Option Values','',0,'%Y-%m-%d','','','',0,0,'*','*',0,0,'user_utc','','','','','','','','',0,'',0,'','','','','DATETIME','','\'NULL\'',1,'2017-08-19 22:01:07',1,'','2017-09-22 23:17:54',1,0,'0000-00-00 00:00:00',1,41),
(132,'NÚMERO DE TOCA','','id_expediente',2,5,6,0,33,1,0,1,1,0,0,0,0,'numeric','','',0,'int','','modal','','','','','','','Option Values','',0,'','','','',0,0,'*','*',29,0,'','','','','','','','','',0,'',0,'','','','','INT','10','\'NULL\'',1,'2017-08-19 22:01:07',1,'','2017-09-22 23:17:54',1,0,'0000-00-00 00:00:00',1,38),
(133,'PARTES','se vinculará al expediente','field133',2,5,6,0,1,0,0,1,0,0,0,0,0,'','','',0,'string','','inputbox','50','255','','','','','Option Values','',0,'','','','',0,0,'*','*',0,0,'','','','','','','','','',0,'',0,'','','','','VARCHAR','45','\'NULL\'',0,'2017-08-19 22:01:07',1,'','2017-09-22 23:17:54',1,0,'0000-00-00 00:00:00',1,40),
(134,'FECHA DE FIRMA DEL M.P.','','field134',2,5,6,0,5,0,0,1,0,0,0,0,1,'date','','',0,'string','','inputbox','22','25','','','','','Option Values','',0,'%Y-%m-%d','','','',0,0,'*','*',0,0,'user_utc','','','','','','','','',0,'',0,'','','','','DATETIME','','\'NULL\'',1,'2017-08-19 22:01:07',1,'','2017-09-22 23:17:54',1,0,'0000-00-00 00:00:00',1,42),
(135,'NOMBRE DEL M.P.','<p>SE FIRMA POR EL M.P</p>','field135',2,5,6,0,34,0,0,1,0,0,0,0,0,'','','',0,'string','','inputbox','50','255','','','','','Option Values','',0,'','','','',0,0,'*','*',0,0,'','','','','','','','','',0,'',0,'','','','','VARCHAR','45','\'NULL\'',1,'2017-08-19 22:01:07',1,'','2017-09-22 23:17:54',1,0,'0000-00-00 00:00:00',2,43),
(136,'TOCA','','id_expediente',2,6,7,0,33,1,0,1,1,0,0,0,0,'numeric','','',0,'int','','modal','','','','','','','Option Values','',0,'','','','',0,0,'*','*',29,0,'','','','','','','','','',0,'',0,'','','','','INT','10','\'NULL\'',1,'2017-08-19 22:01:07',1,'','2017-09-22 23:19:24',1,0,'0000-00-00 00:00:00',1,45),
(137,'EXPEDIENTE PRINCIPAL',' se vinculará al expediente de primera intancia, de momento texto','field137',2,6,7,0,1,0,0,1,0,0,0,0,0,'','','',0,'string','','inputbox','50','255','','','','','Option Values','',0,'','','','',0,0,'*','*',0,0,'','','','','','','','','',0,'',0,'','','','','VARCHAR','45','\'NULL\'',1,'2017-08-19 22:01:07',1,'','2017-09-22 23:19:24',1,0,'0000-00-00 00:00:00',1,47),
(138,'JUICIO','','field138',2,6,7,0,1,0,0,1,0,0,0,0,0,'','','',0,'string','','inputbox','50','255','','','','','Option Values','',0,'','','','',0,0,'*','*',0,0,'','','','','','','','','',0,'',0,'','','','','VARCHAR','45','\'NULL\'',1,'2017-08-19 22:01:07',1,'','2017-09-22 23:19:24',1,0,'0000-00-00 00:00:00',1,47),
(139,'MONTO DE LA MULTA','','field139',2,6,7,0,1,0,0,1,0,0,0,0,0,'','','',0,'string','','inputbox','50','255','','','','','Option Values','',0,'','','','',0,0,'*','*',0,0,'','','','','','','','','',0,'',0,'','','','','VARCHAR','45','\'NULL\'',1,'2017-08-19 22:01:07',1,'','2017-09-22 23:19:24',1,0,'0000-00-00 00:00:00',1,48),
(140,'FECHA DE RESOLUCIÓN EN DONDE SE IMPONE','','field140',2,6,7,0,5,0,0,1,0,0,0,0,1,'date','','',0,'string','','inputbox','22','25','','','','','Option Values','',0,'%Y-%m-%d','','','',0,0,'*','*',0,0,'user_utc','','','','','','','','',0,'',0,'','','','','DATETIME','','\'NULL\'',1,'2017-08-19 22:01:07',1,'','2017-09-22 23:19:24',1,0,'0000-00-00 00:00:00',5,49),
(141,'NOMBRE DE LA PERSONA A QUIÉN SE DECRETA','','field141',2,6,7,0,1,0,0,1,0,0,0,0,0,'','','',0,'string','','inputbox','50','255','','','','','Option Values','',0,'','','','',0,0,'*','*',0,0,'','','','','','','','','',0,'',0,'','','','','VARCHAR','45','\'NULL\'',1,'2017-08-19 22:01:07',1,'','2017-09-21 22:01:41',1,0,'0000-00-00 00:00:00',1,50),
(142,'NÚMERO DEL OFICIO','','field142',2,6,7,0,1,0,0,1,0,0,0,0,0,'','','',0,'string','','inputbox','50','255','','','','','Option Values','',0,'','','','',0,0,'*','*',0,0,'','','','','','','','','',0,'',0,'','','','','VARCHAR','45','\'NULL\'',1,'2017-08-19 22:01:07',1,'','2017-09-21 22:01:41',1,0,'0000-00-00 00:00:00',1,51),
(143,'OBSERVACIONES','','field143',2,6,7,0,4,0,0,1,0,0,0,0,0,'','','',0,'string','','inputbox','50','255','','','','','Option Values','',0,'','','','',0,0,'*','*',0,0,'','','','','','','','','',0,'',0,'','','','','VARCHAR','45','\'NULL\'',1,'2017-08-19 22:01:07',1,'','2017-08-19 22:01:31',1,0,'0000-00-00 00:00:00',1,53),
(144,'TOCA','','id_expediente',2,7,8,0,33,1,0,1,1,0,0,0,0,'numeric','','',0,'int','','modal','','','','','','','Option Values','',0,'','','','',0,0,'*','*',29,0,'','','','','','','','','',0,'',0,'','','','','INT','10','\'NULL\'',1,'2017-08-19 22:01:07',1,'','2017-09-22 23:45:36',1,1,'2017-09-21 03:58:40',5,2),
(145,'PARTES','se vinculará al expediente','field145',2,7,8,0,1,0,0,1,0,0,0,0,0,'','','',0,'string','','inputbox','50','255','','','','','Option Values','',0,'','','','',0,0,'*','*',0,0,'','','','','','','','','',0,'',0,'','','','','VARCHAR','45','\'NULL\'',0,'2017-08-19 22:01:07',1,'','2017-09-22 23:45:30',1,0,'0000-00-00 00:00:00',1,3),
(146,'EXPEDIENTE',' se vinculará al expediente de primera intancia, de momento texto','field146',2,7,8,0,1,0,0,1,0,0,0,0,0,'','','',0,'string','','inputbox','50','255','','','','','Option Values','',0,'','','','',0,0,'*','*',0,0,'','','','','','','','','',0,'',0,'','','','','VARCHAR','45','\'NULL\'',1,'2017-08-19 22:01:07',1,'','2017-09-22 23:45:30',1,1,'2017-09-21 05:10:31',1,4),
(147,'FECHA DE LA DILIGENCIA','','field147',2,7,8,0,5,0,0,1,0,0,0,0,1,'date','','',0,'string','','inputbox','22','25','','','','','Option Values','',0,'%Y-%m-%d','','','',0,0,'*','*',0,0,'user_utc','','','','','','','','',0,'',0,'','','','','DATETIME','','\'NULL\'',1,'2017-08-19 22:01:07',1,'','2017-09-22 23:45:30',1,0,'0000-00-00 00:00:00',2,5),
(148,'TIPO DE DILIGENCIA','','field148',2,7,8,0,1,0,0,1,0,0,0,0,0,'','','',0,'string','','inputbox','50','255','','','','','Option Values','',0,'','','','',0,0,'*','*',0,0,'','','','','','','','','',0,'',0,'','','','','VARCHAR','45','\'NULL\'',1,'2017-08-19 22:01:07',1,'','2017-09-22 23:45:30',1,0,'0000-00-00 00:00:00',1,6),
(149,'NÚMERO DE ORDEN','','field149',2,8,9,0,1,0,0,1,0,0,0,0,0,'','','',0,'string','','inputbox','50','255','','','','','Option Values','',0,'','','','',0,0,'*','*',0,0,'','','','','','','','','',0,'',0,'','','','','VARCHAR','45','\'NULL\'',1,'2017-08-19 22:01:07',1,'','2017-08-19 22:01:31',1,0,'0000-00-00 00:00:00',1,61),
(150,'FECHA DE ENTRADA','','field150',2,8,9,0,5,0,0,1,0,0,0,0,1,'date','','',0,'string','','inputbox','22','25','','','','','Option Values','',0,'%Y-%m-%d','','','',0,0,'*','*',0,0,'user_utc','','','','','','','','',0,'',0,'','','','','DATETIME','','\'NULL\'',1,'2017-08-19 22:01:07',1,'','2017-08-19 22:01:31',1,0,'0000-00-00 00:00:00',1,62),
(151,'NÚMERO DEL CERTIFICADO','','field151',2,8,9,0,1,0,0,1,0,0,0,0,0,'','','',0,'string','','inputbox','50','255','','','','','Option Values','',0,'','','','',0,0,'*','*',0,0,'','','','','','','','','',0,'',0,'','','','','VARCHAR','45','\'NULL\'',1,'2017-08-19 22:01:07',1,'','2017-08-19 22:01:31',1,0,'0000-00-00 00:00:00',1,63),
(152,'FECHA DE EXPEDICIÓN','','field152',2,8,9,0,5,0,0,1,0,0,0,0,1,'date','','',0,'string','','inputbox','22','25','','','','','Option Values','',0,'%Y-%m-%d','','','',0,0,'*','*',0,0,'user_utc','','','','','','','','',0,'',0,'','','','','DATETIME','','\'NULL\'',1,'2017-08-19 22:01:07',1,'','2017-08-19 22:01:31',1,0,'0000-00-00 00:00:00',1,64),
(153,'IMPORTE','','field153',2,8,9,0,1,0,0,1,0,0,0,0,0,'','','',0,'string','','inputbox','50','255','','','','','Option Values','',0,'','','','',0,0,'*','*',0,0,'','','','','','','','','',0,'',0,'','','','','VARCHAR','45','\'NULL\'',1,'2017-08-19 22:01:07',1,'','2017-08-19 22:01:31',1,0,'0000-00-00 00:00:00',1,65),
(154,'EXPEDIDOR','','field154',2,8,9,0,1,0,0,1,0,0,0,0,0,'','','',0,'string','','inputbox','50','255','','','','','Option Values','',0,'','','','',0,0,'*','*',0,0,'','','','','','','','','',0,'',0,'','','','','VARCHAR','45','\'NULL\'',1,'2017-08-19 22:01:07',1,'','2017-08-19 22:01:31',1,0,'0000-00-00 00:00:00',1,66),
(155,'BENEFICIARIO','','field155',2,8,9,0,1,0,0,1,0,0,0,0,0,'','','',0,'string','','inputbox','50','255','','','','','Option Values','',0,'','','','',0,0,'*','*',0,0,'','','','','','','','','',0,'',0,'','','','','VARCHAR','45','\'NULL\'',1,'2017-08-19 22:01:07',1,'','2017-08-19 22:01:31',1,0,'0000-00-00 00:00:00',1,67),
(156,'JUICIO','','field156',2,8,9,0,1,0,0,1,0,0,0,0,0,'','','',0,'string','','inputbox','50','255','','','','','Option Values','',0,'','','','',0,0,'*','*',0,0,'','','','','','','','','',0,'',0,'','','','','VARCHAR','45','\'NULL\'',1,'2017-08-19 22:01:07',1,'','2017-08-19 22:01:31',1,0,'0000-00-00 00:00:00',1,68),
(157,'FECHA DE DEVOLUCIÓN','','field157',2,8,9,0,5,0,0,1,0,0,0,0,1,'date','','',0,'string','','inputbox','22','25','','','','','Option Values','',0,'%Y-%m-%d','','','',0,0,'*','*',0,0,'user_utc','','','','','','','','',0,'',0,'','','','','DATETIME','','\'NULL\'',1,'2017-08-19 22:01:07',1,'','2017-08-19 22:01:31',1,0,'0000-00-00 00:00:00',1,69),
(158,'A QUIÉN SE DEVUELVE','','field158',2,8,9,0,1,0,0,1,0,0,0,0,0,'','','',0,'string','','inputbox','50','255','','','','','Option Values','',0,'','','','',0,0,'*','*',0,0,'','','','','','','','','',0,'',0,'','','','','VARCHAR','45','\'NULL\'',1,'2017-08-19 22:01:07',1,'','2017-08-19 22:01:31',1,0,'0000-00-00 00:00:00',1,70),
(159,'FIRMA','pendiente de definir','field159',2,8,9,0,34,0,0,0,0,0,0,0,1,'numeric','','',0,'int','','modal','','','','','','','Option Values','',0,'','','','',0,0,'*','*',30,0,'','','','','','','','','',0,'',0,'','','','','INT','10','\'NULL\'',1,'2017-08-19 22:01:07',1,'','2017-08-19 22:01:31',1,0,'0000-00-00 00:00:00',1,73),
(160,'OBSERVACIONES','','field160',2,8,9,0,4,0,0,1,0,0,0,0,0,'','','',0,'string','','inputbox','50','255','','','','','Option Values','',0,'','','','',0,0,'*','*',0,0,'','','','','','','','','',0,'',0,'','','','','VARCHAR','45','\'NULL\'',1,'2017-08-19 22:01:07',1,'','2017-08-19 22:01:31',1,0,'0000-00-00 00:00:00',1,71),
(161,'NOMBRES Y FIRMAS','SE REQUIERE DE FIRMA Y SE SUBDIVIDE EN AÑOS, pendiente de definir','field161',2,8,9,0,1,0,0,1,0,0,0,0,0,'','','',0,'string','','inputbox','50','255','','','','','Option Values','',0,'','','','',0,0,'*','*',0,0,'','','','','','','','','',0,'',0,'','','','','VARCHAR','45','\'NULL\'',1,'2017-08-19 22:01:07',1,'','2017-08-19 22:01:31',1,0,'0000-00-00 00:00:00',1,72),
(162,'NÚMERO DE FOLIO','','field162',2,9,10,0,1,0,0,1,0,0,0,0,0,'','','',0,'string','','inputbox','50','255','','','','','Option Values','',0,'','','','',0,0,'*','*',0,0,'','','','','','','','','',0,'',0,'','','','','VARCHAR','45','\'NULL\'',1,'2017-08-19 22:01:07',1,'','2017-08-19 22:01:31',1,0,'0000-00-00 00:00:00',1,75),
(163,'SECRETARÍA','','field163',2,9,10,0,1,0,0,1,0,0,0,0,0,'','','',0,'string','','inputbox','50','255','','','','','Option Values','',0,'','','','',0,0,'*','*',0,0,'','','','','','','','','',0,'',0,'','','','','VARCHAR','45','\'NULL\'',1,'2017-08-19 22:01:07',1,'','2017-08-19 22:01:31',1,0,'0000-00-00 00:00:00',1,76),
(164,'NOMBRE','<p>Creo que es el nombre de la persona que recibe el valor, favor de confirmar.</p>','field164',2,9,10,0,1,0,0,1,0,0,0,0,0,'','','',0,'string','','inputbox','50','255','','','','','Option Values','',0,'','','','',0,0,'*','*',0,0,'','','','','','','','','',0,'',0,'','','','','VARCHAR','45','\'NULL\'',1,'2017-08-19 22:01:07',1,'','2017-09-21 05:46:02',1,0,'0000-00-00 00:00:00',2,77),
(165,'CARÁCTER (ACTOR, DEMANDADO ETC)','','field165',2,9,10,0,1,0,0,1,0,0,0,0,0,'','','',0,'string','','inputbox','50','255','','','','','Option Values','',0,'','','','',0,0,'*','*',0,0,'','','','','','','','','',0,'',0,'','','','','VARCHAR','45','\'NULL\'',1,'2017-08-19 22:01:07',1,'','2017-08-19 22:01:31',1,0,'0000-00-00 00:00:00',1,78),
(166,'JUEZ O MAGISTRADO','creo que es CATÁLOGO {JUEZ O MAGISTRADO}','field166',2,9,10,0,1,0,0,1,0,0,0,0,0,'','','',0,'string','','inputbox','50','255','','','','','Option Values','',0,'','','','',0,0,'*','*',0,0,'','','','','','','','','',0,'',0,'','','','','VARCHAR','45','\'NULL\'',1,'2017-08-19 22:01:07',1,'','2017-08-19 22:01:31',1,0,'0000-00-00 00:00:00',1,79),
(167,'NOMBRE DEL JUEZ O MAGISTRADO','','field167',2,9,10,0,1,0,0,1,0,0,0,0,0,'','','',0,'string','','inputbox','50','255','','','','','Option Values','',0,'','','','',0,0,'*','*',0,0,'','','','','','','','','',0,'',0,'','','','','VARCHAR','45','\'NULL\'',1,'2017-08-19 22:01:07',1,'','2017-08-19 22:01:31',1,0,'0000-00-00 00:00:00',1,80),
(168,'NÚMERO DE BILLETE DE DEPÓSITO','','field168',2,9,10,0,1,0,0,1,0,0,0,0,0,'','','',0,'string','','inputbox','50','255','','','','','Option Values','',0,'','','','',0,0,'*','*',0,0,'','','','','','','','','',0,'',0,'','','','','VARCHAR','45','\'NULL\'',1,'2017-08-19 22:01:07',1,'','2017-08-19 22:01:31',1,0,'0000-00-00 00:00:00',1,81),
(169,'CANTIDAD (NÚMERO Y LETRA)','','field169',2,9,10,0,1,0,0,1,0,0,0,0,0,'','','',0,'string','','inputbox','50','255','','','','','Option Values','',0,'','','','',0,0,'*','*',0,0,'','','','','','','','','',0,'',0,'','','','','VARCHAR','45','\'NULL\'',1,'2017-08-19 22:01:07',1,'','2017-08-19 22:01:31',1,0,'0000-00-00 00:00:00',1,82),
(170,'ASIENTO DE CAJA FOLIO','','field170',2,9,10,0,1,0,0,1,0,0,0,0,0,'','','',0,'string','','inputbox','50','255','','','','','Option Values','',0,'','','','',0,0,'*','*',0,0,'','','','','','','','','',0,'',0,'','','','','VARCHAR','45','\'NULL\'',1,'2017-08-19 22:01:07',1,'','2017-08-19 22:01:31',1,0,'0000-00-00 00:00:00',1,83),
(171,'FECHA','','field171',2,9,10,0,5,0,0,1,0,0,0,0,1,'date','','',0,'string','','inputbox','22','25','','','','','Option Values','',0,'%Y-%m-%d','','','',0,0,'*','*',0,0,'user_utc','','','','','','','','',0,'',0,'','','','','DATETIME','','\'NULL\'',1,'2017-08-19 22:01:07',1,'','2017-08-19 22:01:31',1,0,'0000-00-00 00:00:00',1,84),
(172,'FIRMA','<p>creo que es firma de quién recibe, favor de confirmar</p>','field172',2,9,10,0,34,0,0,0,0,0,0,0,1,'numeric','','',0,'int','','modal','','','','','','','Option Values','',0,'','','','',0,0,'*','*',30,0,'','','','','','','','','',0,'',0,'','','','','INT','10','\'NULL\'',1,'2017-08-19 22:01:07',1,'','2017-09-21 05:45:04',1,0,'0000-00-00 00:00:00',2,85),
(173,'FIRMA DE PRESIDENTE DE SALA','','field173',2,9,10,0,35,0,0,0,0,0,0,0,1,'numeric','','',0,'int','','modal','','','','','','','Option Values','',0,'','','','',0,0,'*','*',30,0,'','','','','','','','','',0,'',0,'','','','','INT','10','\'NULL\'',1,'2017-08-19 22:01:07',1,'','2017-08-19 22:01:31',1,0,'0000-00-00 00:00:00',1,86),
(174,'FIRMA DE SECRETARIA DE ACUERDOS','','field174',2,9,10,0,35,0,0,0,0,0,0,0,1,'numeric','','',0,'int','','modal','','','','','','','Option Values','',0,'','','','',0,0,'*','*',30,0,'','','','','','','','','',0,'',0,'','','','','INT','10','\'NULL\'',1,'2017-08-19 22:01:07',1,'','2017-08-19 22:01:31',1,0,'0000-00-00 00:00:00',1,87),
(175,'Año j.','<p>Año judicial</p>','anoj',2,10,11,0,1,0,0,1,0,0,0,0,0,'','','',0,'string','','inputbox','50','255','','','','','Option Values','',0,'','','','',0,0,'*','*',0,0,'','','','','','','','','',0,'',0,'','','','','YEAR','4','\'NULL\'',1,'2017-08-19 22:01:07',1,'','2017-09-22 22:56:11',1,0,'0000-00-00 00:00:00',3,88),
(176,'NÚMERO CONSECUTIVO','','field176',2,10,11,0,1,0,0,1,0,0,0,0,0,'','','',0,'string','','inputbox','50','255','','','','','Option Values','',0,'','','','',0,0,'*','*',0,0,'','','','','','','','','',0,'',0,'','','','','VARCHAR','45','\'NULL\'',1,'2017-08-19 22:01:07',1,'','2017-09-22 23:19:50',1,0,'0000-00-00 00:00:00',1,89),
(177,'FECHA DE ENTRADA','','field177',2,10,11,0,5,0,0,1,0,0,0,0,1,'date','','',0,'string','','inputbox','22','25','','','','','Option Values','',0,'%Y-%m-%d','','','',0,0,'*','*',0,0,'user_utc','','','','','','','','',0,'',0,'','','','','DATETIME','','\'NULL\'',1,'2017-08-19 22:01:07',1,'','2017-08-19 22:01:31',1,0,'0000-00-00 00:00:00',1,90),
(178,'NÚMERO DE CERTIFICADO','','field178',2,10,11,0,1,0,0,1,0,0,0,0,0,'','','',0,'string','','inputbox','50','255','','','','','Option Values','',0,'','','','',0,0,'*','*',0,0,'','','','','','','','','',0,'',0,'','','','','VARCHAR','45','\'NULL\'',1,'2017-08-19 22:01:07',1,'','2017-08-19 22:01:31',1,0,'0000-00-00 00:00:00',1,92),
(179,'PARTES','se vinculará al expediente','field179',2,10,11,0,1,0,0,1,0,0,0,0,0,'','','',0,'string','','inputbox','50','255','','','','','Option Values','',0,'','','','',0,0,'*','*',0,0,'','','','','','','','','',0,'',0,'','','','','VARCHAR','45','\'NULL\'',0,'2017-08-19 22:01:07',1,'','2017-08-19 22:01:31',1,0,'0000-00-00 00:00:00',1,93),
(180,'TOCA','','id_expediente',2,10,11,0,33,1,0,1,1,0,0,0,0,'numeric','','',0,'int','','modal','','','','','','','Option Values','',0,'','','','',0,0,'*','*',29,0,'','','','','','','','','',0,'',0,'','','','','INT','10','\'NULL\'',1,'2017-08-19 22:01:07',1,'','2017-09-22 23:19:50',1,1,'2017-09-22 22:22:00',1,91),
(181,'NÚMERO CONSECUTIVO','','field181',2,10,11,0,1,0,0,1,0,0,0,0,0,'','','',0,'string','','inputbox','50','255','','','','','Option Values','',0,'','','','',0,0,'*','*',0,0,'','','','','','','','','',0,'',0,'','','','','VARCHAR','45','\'NULL\'',1,'2017-08-19 22:01:07',1,'','2017-08-19 22:01:31',1,0,'0000-00-00 00:00:00',1,94),
(182,'NÚMERO DE PÓLIZA','','field182',2,10,11,0,1,0,0,1,0,0,0,0,0,'','','',0,'string','','inputbox','50','255','','','','','Option Values','',0,'','','','',0,0,'*','*',0,0,'','','','','','','','','',0,'',0,'','','','','VARCHAR','45','\'NULL\'',1,'2017-08-19 22:01:07',1,'','2017-10-22 23:47:02',1,0,'0000-00-00 00:00:00',2,95),
(183,'FECHA DE EGRESO','','field183',2,10,11,0,5,0,0,1,0,0,0,0,1,'date','','',0,'string','','inputbox','22','25','','','','','Option Values','',0,'%Y-%m-%d','','','',0,0,'*','*',0,0,'user_utc','','','','','','','','',0,'',0,'','','','','DATETIME','','\'NULL\'',1,'2017-08-19 22:01:07',1,'','2017-08-19 22:01:31',1,0,'0000-00-00 00:00:00',1,97),
(184,'PARTES','se vinculará al expediente','field184',2,10,11,0,1,0,0,1,0,0,0,0,0,'','','',0,'string','','inputbox','50','255','','','','','Option Values','',0,'','','','',0,0,'*','*',0,0,'','','','','','','','','',0,'',0,'','','','','VARCHAR','45','\'NULL\'',0,'2017-08-19 22:01:07',1,'','2017-08-19 22:01:31',1,0,'0000-00-00 00:00:00',1,98),
(185,'TOCA','','id_expediente2',2,10,11,0,33,1,0,1,1,0,0,0,0,'numeric','','',0,'int','','modal','','','','','','','Option Values','',0,'','','','',0,0,'*','*',29,0,'','','','','','','','','',0,'',0,'','','','','INT','10','\'NULL\'',0,'2017-08-19 22:01:07',1,'','2017-09-22 23:19:50',1,0,'0000-00-00 00:00:00',2,89),
(186,'NÚMERO DE TOCA','','id_expediente',2,11,12,0,33,1,0,1,1,0,0,0,0,'numeric','','',0,'int','','modal','','','','','','','Option Values','',0,'','','','',0,0,'*','*',29,0,'','','','','','','','','',0,'',0,'','','','','INT','10','\'NULL\'',1,'2017-08-19 22:01:07',1,'','2017-09-22 23:19:10',1,0,'0000-00-00 00:00:00',1,100),
(187,'NÚMERO DE REGISTRO (CONSECUTIVO)','','field187',2,11,12,0,1,0,0,1,0,0,0,0,0,'','','',0,'string','','inputbox','50','255','','','','','Option Values','',0,'','','','',0,0,'*','*',0,0,'','','','','','','','','',0,'',0,'','','','','VARCHAR','45','\'NULL\'',1,'2017-08-19 22:01:07',1,'','2017-08-19 22:01:31',1,0,'0000-00-00 00:00:00',1,101),
(188,'ACTOR','se vinculará al expediente','field188',2,11,12,0,1,0,0,1,0,0,0,0,0,'','','',0,'string','','inputbox','50','255','','','','','Option Values','',0,'','','','',0,0,'*','*',0,0,'','','','','','','','','',0,'',0,'','','','','VARCHAR','45','\'NULL\'',0,'2017-08-19 22:01:07',1,'','2017-09-22 23:19:10',1,0,'0000-00-00 00:00:00',1,102),
(189,'DEMANDADO','se vinculará al expediente','field189',2,11,12,0,1,0,0,1,0,0,0,0,0,'','','',0,'string','','inputbox','50','255','','','','','Option Values','',0,'','','','',0,0,'*','*',0,0,'','','','','','','','','',0,'',0,'','','','','VARCHAR','45','\'NULL\'',0,'2017-08-19 22:01:07',1,'','2017-09-22 23:19:10',1,0,'0000-00-00 00:00:00',1,103),
(190,'JUICIO','','field190',2,11,12,0,1,0,0,1,0,0,0,0,0,'','','',0,'string','','inputbox','50','255','','','','','Option Values','',0,'','','','',0,0,'*','*',0,0,'','','','','','','','','',0,'',0,'','','','','VARCHAR','45','\'NULL\'',1,'2017-08-19 22:01:07',1,'','2017-09-22 23:19:10',1,0,'0000-00-00 00:00:00',1,104),
(191,'RESOLUCIÓN RECURRIDA','','field191',2,11,12,0,1,0,0,1,0,0,0,0,0,'','','',0,'string','','inputbox','50','255','','','','','Option Values','',0,'','','','',0,0,'*','*',0,0,'','','','','','','','','',0,'',0,'','','','','VARCHAR','45','\'NULL\'',1,'2017-08-19 22:01:07',1,'','2017-09-22 23:19:10',1,0,'0000-00-00 00:00:00',1,105),
(192,'FECHA DE ENTRADA','','field192',2,11,12,0,5,0,0,1,0,0,0,0,1,'date','','',0,'string','','inputbox','22','25','','','','','Option Values','',0,'%Y-%m-%d','','','',0,0,'*','*',0,0,'user_utc','','','','','','','','',0,'',0,'','','','','DATETIME','','\'NULL\'',1,'2017-08-19 22:01:07',1,'','2017-09-22 23:19:10',1,0,'0000-00-00 00:00:00',1,106),
(193,'FECHA DE SALIDA (NO SE LLENA)','si no se llena para qué se quiere?','field193',2,11,12,0,5,0,0,1,0,0,0,0,1,'date','','',0,'string','','inputbox','22','25','','','','','Option Values','',0,'%Y-%m-%d','','','',0,0,'*','*',0,0,'user_utc','','','','','','','','',0,'',0,'','','','','DATETIME','','\'NULL\'',1,'2017-08-19 22:01:07',1,'','2017-09-22 23:19:10',1,0,'0000-00-00 00:00:00',1,107),
(194,'OBSERVACIONES','','field194',2,11,12,0,4,0,0,1,0,0,0,0,0,'','','',0,'string','','inputbox','50','255','','','','','Option Values','',0,'','','','',0,0,'*','*',0,0,'','','','','','','','','',0,'',0,'','','','','VARCHAR','45','\'NULL\'',1,'2017-08-19 22:01:07',1,'','2017-09-22 23:19:10',1,0,'0000-00-00 00:00:00',1,108),
(195,'ACTOR','se vinculará al expediente','field195',2,12,13,0,1,0,0,1,0,0,0,0,0,'','','',0,'string','','inputbox','50','255','','','','','Option Values','',0,'','','','',0,0,'*','*',0,0,'','','','','','','','','',0,'',0,'','','','','VARCHAR','45','\'NULL\'',0,'2017-08-19 22:01:07',1,'','2017-09-22 23:18:13',1,0,'0000-00-00 00:00:00',1,111),
(196,'DEMANDADO','se vinculará al expediente','field196',2,12,13,0,1,0,0,1,0,0,0,0,0,'','','',0,'string','','inputbox','50','255','','','','','Option Values','',0,'','','','',0,0,'*','*',0,0,'','','','','','','','','',0,'',0,'','','','','VARCHAR','45','\'NULL\'',0,'2017-08-19 22:01:07',1,'','2017-09-22 23:18:13',1,0,'0000-00-00 00:00:00',1,112),
(197,'JUICIO','','field197',2,12,13,0,1,0,0,1,0,0,0,0,0,'','','',0,'string','','inputbox','50','255','','','','','Option Values','',0,'','','','',0,0,'*','*',0,0,'','','','','','','','','',0,'',0,'','','','','VARCHAR','45','\'NULL\'',1,'2017-08-19 22:01:07',1,'','2017-09-22 23:18:13',1,0,'0000-00-00 00:00:00',1,113),
(198,'NÚMERO TOCA','','id_expediente',2,12,13,0,33,1,0,1,1,0,0,0,0,'numeric','','',0,'int','','modal','','','','','','','Option Values','',0,'','','','',0,0,'*','*',29,0,'','','','','','','','','',0,'',0,'','','','','INT','10','\'NULL\'',1,'2017-08-19 22:01:07',1,'','2017-09-22 23:18:13',1,0,'0000-00-00 00:00:00',1,110),
(199,'FECHA DE ENTREGA','','field199',2,12,13,0,5,0,0,1,0,0,0,0,1,'date','','',0,'string','','inputbox','22','25','','','','','Option Values','',0,'%Y-%m-%d','','','',0,0,'*','*',0,0,'user_utc','','','','','','','','',0,'',0,'','','','','DATETIME','','\'NULL\'',1,'2017-08-19 22:01:07',1,'','2017-09-22 23:18:13',1,0,'0000-00-00 00:00:00',1,114),
(200,'FECHA DEL AUTO A DILIGENCIAR','','field200',2,12,13,0,5,0,0,1,0,0,0,0,1,'date','','',0,'string','','inputbox','22','25','','','','','Option Values','',0,'%Y-%m-%d','','','',0,0,'*','*',0,0,'user_utc','','','','','','','','',0,'',0,'','','','','DATETIME','','\'NULL\'',1,'2017-08-19 22:01:07',1,'','2017-09-22 23:18:13',1,0,'0000-00-00 00:00:00',1,115),
(201,'LUGAR DONDE DEBE ACTUARSE','','field201',2,12,13,0,1,0,0,1,0,0,0,0,0,'','','',0,'string','','inputbox','50','255','','','','','Option Values','',0,'','','','',0,0,'*','*',0,0,'','','','','','','','','',0,'',0,'','','','','VARCHAR','45','\'NULL\'',1,'2017-08-19 22:01:07',1,'','2017-09-22 23:18:13',1,0,'0000-00-00 00:00:00',1,116),
(202,'FECHA DE LA DILIGENCIA','','field202',2,12,13,0,5,0,0,1,0,0,0,0,1,'date','','',0,'string','','inputbox','22','25','','','','','Option Values','',0,'%Y-%m-%d','','','',0,0,'*','*',0,0,'user_utc','','','','','','','','',0,'',0,'','','','','DATETIME','','\'NULL\'',1,'2017-08-19 22:01:07',1,'','2017-09-22 23:18:13',1,0,'0000-00-00 00:00:00',1,117),
(203,'FECHA DE LA DEVOLUCIÓN ','','field203',2,12,13,0,5,0,0,1,0,0,0,0,1,'date','','',0,'string','','inputbox','22','25','','','','','Option Values','',0,'%Y-%m-%d','','','',0,0,'*','*',0,0,'user_utc','','','','','','','','',0,'',0,'','','','','DATETIME','','\'NULL\'',1,'2017-08-19 22:01:07',1,'','2017-09-22 23:18:13',1,0,'0000-00-00 00:00:00',1,118),
(204,'OBSERVACIONES','','field204',2,12,13,0,4,0,0,1,0,0,0,0,0,'','','',0,'string','','inputbox','50','255','','','','','Option Values','',0,'','','','',0,0,'*','*',0,0,'','','','','','','','','',0,'',0,'','','','','VARCHAR','45','\'NULL\'',1,'2017-08-19 22:01:07',1,'','2017-09-22 23:18:13',1,0,'0000-00-00 00:00:00',1,119),
(205,'NÚMERO DE OFICIO (CONSECUTIVO)','','field205',2,13,14,0,1,0,0,1,0,0,0,0,0,'','','',0,'string','','inputbox','50','255','','','','','Option Values','',0,'','','','',0,0,'*','*',0,0,'','','','','','','','','',0,'',0,'','','','','VARCHAR','45','\'NULL\'',1,'2017-08-19 22:01:07',1,'','2017-08-19 22:01:31',1,0,'0000-00-00 00:00:00',1,3),
(206,'TOCA','','id_expediente',2,13,14,0,33,1,0,1,1,0,0,0,0,'numeric','','',0,'int','','modal','','','','','','','Option Values','',0,'','','','',0,0,'*','*',29,0,'','','','','','','','','',0,'',0,'','','','','INT','10','\'NULL\'',1,'2017-08-19 22:01:07',1,'','2017-08-19 22:01:31',1,0,'0000-00-00 00:00:00',1,2),
(207,'DESTINATARIO','','field207',2,13,14,0,1,0,0,1,0,0,0,0,0,'','','',0,'string','','inputbox','50','255','','','','','Option Values','',0,'','','','',0,0,'*','*',0,0,'','','','','','','','','',0,'',0,'','','','','VARCHAR','45','\'NULL\'',1,'2017-08-19 22:01:07',1,'','2017-08-19 22:01:31',1,0,'0000-00-00 00:00:00',1,4),
(208,'PARTES','se vinculará al expediente','field208',2,13,14,0,1,0,0,1,0,0,0,0,0,'','','',0,'string','','inputbox','50','255','','','','','Option Values','',0,'','','','',0,0,'*','*',0,0,'','','','','','','','','',0,'',0,'','','','','VARCHAR','45','\'NULL\'',0,'2017-08-19 22:01:07',1,'','2017-08-19 22:01:31',1,0,'0000-00-00 00:00:00',1,5),
(209,'FECHA','','field209',2,13,14,0,5,0,0,1,0,0,0,0,1,'date','','',0,'string','','inputbox','22','25','','','','','Option Values','',0,'%Y-%m-%d','','','',0,0,'*','*',0,0,'user_utc','','','','','','','','',0,'',0,'','','','','DATETIME','','\'NULL\'',1,'2017-08-19 22:01:07',1,'','2017-08-19 22:01:31',1,0,'0000-00-00 00:00:00',1,6),
(210,'NOMBRE DEL QUE REGISTRA','','field210',2,13,14,0,1,0,0,1,0,0,0,0,0,'','','',0,'string','','inputbox','50','255','','','','','Option Values','',0,'','','','',0,0,'*','*',0,0,'','','','','','','','','',0,'',0,'','','','','VARCHAR','45','\'NULL\'',1,'2017-08-19 22:01:07',1,'','2017-08-19 22:01:31',1,0,'0000-00-00 00:00:00',1,7),
(211,'NÚMERO DE AMPARO (CONSECUTIVO)','','field211',2,14,15,0,1,0,0,1,0,0,0,0,0,'','','',0,'string','','inputbox','50','255','','','','','Option Values','',0,'','','','',0,0,'*','*',0,0,'','','','','','','','','',0,'',0,'','','','','VARCHAR','45','\'NULL\'',1,'2017-08-19 22:01:07',1,'','2017-09-22 23:20:12',1,0,'0000-00-00 00:00:00',1,129),
(212,'PONENCIA','','field212',2,14,15,0,1,0,0,1,0,0,0,0,0,'','','',0,'string','','inputbox','50','255','','','','','Option Values','',0,'','','','',0,0,'*','*',0,0,'','','','','','','','','',0,'',0,'','','','','VARCHAR','45','\'NULL\'',1,'2017-08-19 22:01:07',1,'','2017-09-22 23:20:12',1,0,'0000-00-00 00:00:00',1,130),
(213,'EXPEDIENTE',' se vinculará al expediente','field213',2,14,15,0,1,0,0,1,0,0,0,0,0,'','','',0,'string','','inputbox','50','255','','','','','Option Values','',0,'','','','',0,0,'*','*',0,0,'','','','','','','','','',0,'',0,'','','','','VARCHAR','45','\'NULL\'',1,'2017-08-19 22:01:07',1,'','2017-09-22 23:20:12',1,0,'0000-00-00 00:00:00',1,131),
(214,'JUZGADO','','field214',2,14,15,0,1,0,0,1,0,0,0,0,0,'','','',0,'string','','inputbox','50','255','','','','','Option Values','',0,'','','','',0,0,'*','*',0,0,'','','','','','','','','',0,'',0,'','','','','VARCHAR','45','\'NULL\'',1,'2017-08-19 22:01:07',1,'','2017-09-22 23:20:12',1,0,'0000-00-00 00:00:00',1,132),
(215,'TOCA','','id_expediente',2,14,15,0,33,1,0,1,1,0,0,0,0,'numeric','','',0,'int','','modal','','','','','','','Option Values','',0,'','','','',0,0,'*','*',29,0,'','','','','','','','','',0,'',0,'','','','','INT','10','\'NULL\'',1,'2017-08-19 22:01:07',1,'','2017-09-22 23:20:12',1,0,'0000-00-00 00:00:00',1,128),
(216,'FECHA DE REGISTRO','','field216',2,14,15,0,5,0,0,1,0,0,0,0,1,'date','','',0,'string','','inputbox','22','25','','','','','Option Values','',0,'%Y-%m-%d','','','',0,0,'*','*',0,0,'user_utc','','','','','','','','',0,'',0,'','','','','DATETIME','','\'NULL\'',1,'2017-08-19 22:01:07',1,'','2017-09-22 23:20:12',1,0,'0000-00-00 00:00:00',1,133),
(217,'SENTIDO EN QUE RESUELVE','','field217',2,14,15,0,1,0,0,1,0,0,0,0,0,'','','',0,'string','','inputbox','50','255','','','','','Option Values','',0,'','','','',0,0,'*','*',0,0,'','','','','','','','','',0,'',0,'','','','','VARCHAR','45','\'NULL\'',1,'2017-08-19 22:01:07',1,'','2017-09-22 23:20:12',1,0,'0000-00-00 00:00:00',1,134),
(218,'PARTES','se vinculará al expediente','field218',2,14,15,0,1,0,0,1,0,0,0,0,0,'','','',0,'string','','inputbox','50','255','','','','','Option Values','',0,'','','','',0,0,'*','*',0,0,'','','','','','','','','',0,'',0,'','','','','VARCHAR','45','\'NULL\'',0,'2017-08-19 22:01:07',1,'','2017-09-22 23:20:12',1,0,'0000-00-00 00:00:00',1,135),
(219,'QUEJOSO','','field219',2,14,15,0,1,0,0,1,0,0,0,0,0,'','','',0,'string','','inputbox','50','255','','','','','Option Values','',0,'','','','',0,0,'*','*',0,0,'','','','','','','','','',0,'',0,'','','','','VARCHAR','255','\'NULL\'',1,'2017-08-19 22:01:07',1,'','2017-10-01 19:57:39',1,0,'0000-00-00 00:00:00',2,136),
(220,'FECHA DE LLEGADA','','field220',2,14,15,0,5,0,0,1,0,0,0,0,1,'date','','',0,'string','','inputbox','22','25','','','','','Option Values','',0,'%Y-%m-%d','','','',0,0,'*','*',0,0,'user_utc','','','','','','','','',0,'',0,'','','','','DATETIME','','\'NULL\'',1,'2017-08-19 22:01:07',1,'','2017-09-22 23:20:12',1,0,'0000-00-00 00:00:00',1,137),
(221,'FECHA','Quité el campo FECHA para combinarlo con el campo HORA','field221',2,15,16,0,5,0,0,1,0,0,0,0,1,'date','','',0,'string','','inputbox','22','25','','','','','Option Values','',0,'%Y-%m-%d','','','',0,0,'*','*',0,0,'user_utc','','','','','','','','',0,'',0,'','','','','DATETIME','','\'NULL\'',0,'2017-08-19 22:01:07',1,'','2017-09-22 23:20:28',1,0,'0000-00-00 00:00:00',1,140),
(222,'NÚMERO DE TOCA','','id_expediente',2,15,16,0,33,1,0,1,1,0,0,0,0,'numeric','','',0,'int','','modal','','','','','','','Option Values','',0,'','','','',0,0,'*','*',29,0,'','','','','','','','','',0,'',0,'','','','','INT','10','\'NULL\'',1,'2017-08-19 22:01:07',1,'','2017-09-22 23:20:28',1,0,'0000-00-00 00:00:00',1,139),
(223,'PARTE ACTORA','se vinculará al expediente','field223',2,15,16,0,1,0,0,1,0,0,0,0,0,'','','',0,'string','','inputbox','50','255','','','','','Option Values','',0,'','','','',0,0,'*','*',0,0,'','','','','','','','','',0,'',0,'','','','','VARCHAR','45','\'NULL\'',0,'2017-08-19 22:01:07',1,'','2017-09-22 23:20:28',1,0,'0000-00-00 00:00:00',1,141),
(224,'PARTE DEMANDADA','se vinculará al expediente','field224',2,15,16,0,1,0,0,1,0,0,0,0,0,'','','',0,'string','','inputbox','50','255','','','','','Option Values','',0,'','','','',0,0,'*','*',0,0,'','','','','','','','','',0,'',0,'','','','','VARCHAR','45','\'NULL\'',0,'2017-08-19 22:01:07',1,'','2017-09-22 23:20:28',1,0,'0000-00-00 00:00:00',1,142),
(225,'NOMBRE COMPLETO DEL SOLICITANTE','un selector de partescontenciosas ayudaría','field225',2,15,16,0,1,0,0,1,0,0,0,0,0,'','','',0,'string','','inputbox','50','255','','','','','Option Values','',0,'','','','',0,0,'*','*',0,0,'','','','','','','','','',0,'',0,'','','','','VARCHAR','45','\'NULL\'',1,'2017-08-19 22:01:07',1,'','2017-09-22 23:20:28',1,0,'0000-00-00 00:00:00',1,143),
(226,'AUTORIZADO POR QUÉ PARTE','se vinculará al expediente','field226',2,15,16,0,1,0,0,1,0,0,0,0,0,'','','',0,'string','','inputbox','50','255','','','','','Option Values','',0,'','','','',0,0,'*','*',0,0,'','','','','','','','','',0,'',0,'','','','','VARCHAR','45','\'NULL\'',0,'2017-08-19 22:01:07',1,'','2017-09-22 23:20:28',1,0,'0000-00-00 00:00:00',1,144),
(227,'TIPO DE IDENTIFICACIÓN','','field227',2,15,16,0,1,0,0,1,0,0,0,0,0,'','','',0,'string','','inputbox','50','255','','','','','Option Values','',0,'','','','',0,0,'*','*',0,0,'','','','','','','','','',0,'',0,'','','','','VARCHAR','45','\'NULL\'',1,'2017-08-19 22:01:07',1,'','2017-09-22 23:20:28',1,0,'0000-00-00 00:00:00',1,145),
(228,'NÚMERO DE IDENTIFICACIÓN','','field228',2,15,16,0,1,0,0,1,0,0,0,0,0,'','','',0,'string','','inputbox','50','255','','','','','Option Values','',0,'','','','',0,0,'*','*',0,0,'','','','','','','','','',0,'',0,'','','','','VARCHAR','45','\'NULL\'',1,'2017-08-19 22:01:07',1,'','2017-09-22 23:20:28',1,0,'0000-00-00 00:00:00',1,146),
(229,'HORA EN QUE SE PRESTA','','field229',2,15,16,0,36,0,0,1,0,0,0,0,1,'date','','',0,'string','','inputbox','22','25','','','','','Option Values','',0,'%Y-%m-%d %H:%M','','','',0,0,'*','*',0,0,'user_utc','','','','','','','','',0,'',0,'','','','','DATETIME','','\'NULL\'',1,'2017-08-19 22:01:07',1,'','2017-09-22 23:20:28',1,0,'0000-00-00 00:00:00',1,147),
(230,'HORA EN QUE SE REGRESA','','field230',2,15,16,0,36,0,0,1,0,0,0,0,1,'date','','',0,'string','','inputbox','22','25','','','','','Option Values','',0,'%Y-%m-%d %H:%M','','','',0,0,'*','*',0,0,'user_utc','','','','','','','','',0,'',0,'','','','','DATETIME','','\'NULL\'',1,'2017-08-19 22:01:07',1,'','2017-09-22 23:20:28',1,0,'0000-00-00 00:00:00',1,148),
(231,'FIRMA DEL SOLICITANTE','SE CONSIDERA NECESARIO FIRMAR LA BOLETA A TRAVÉS DE UN DISPOSITIVO PARA EFECTUAR FIRMAS ELECTRÓNICAS.','field231',2,15,16,0,34,0,0,0,0,0,0,0,1,'numeric','','',0,'int','','modal','','','','','','','Option Values','',0,'','','','',0,0,'*','*',30,0,'','','','','','','','','',0,'',0,'','','','','INT','10','\'NULL\'',1,'2017-08-19 22:01:07',1,'','2017-08-19 22:01:31',1,0,'0000-00-00 00:00:00',1,149),
(232,'Asunto','<p>Nombre que se le asigna al asunto según la materia, puede ser expediente, toca, etc</p>','asunto',5,22,20,0,1,1,0,0,0,0,0,0,0,'','','',234,'string','','inputbox','50','255','','','','','Option Values','',0,'','','','',0,0,'*','*',0,0,'','','','','','','','','',0,'',0,'','','','','VARCHAR','255','\'Expediente\'',1,'2017-09-04 23:59:05',1,'','2017-09-06 00:01:25',1,0,'0000-00-00 00:00:00',1,155),
(233,'Personalidades','<p>Lista de personalidades que intervienen en un juicio</p>','personalidades',5,22,20,0,18,0,0,0,0,0,0,0,0,'','','',234,'string','','inputbox','1','','','','','','Option Values','',1,'','','','',0,0,'*','*',0,0,'','','','','','','SELECT id, name FROM jtc_general WHERE state = 1','id','name',0,'',0,'','','','','VARCHAR','255','\'\'',1,'2017-09-05 00:00:34',1,'','2017-09-05 23:55:25',1,0,'0000-00-00 00:00:00',1,156),
(234,'Parámetros','<p>Parámetros para almacenar JSON</p>','my_params',5,22,20,0,20,0,0,0,0,0,0,0,0,'','','',0,'object','','','','','','','','','Option Values','',0,'','','','',0,0,'*','*',0,0,'','','','','','','','','',0,'',0,'','','','','VARCHAR','1024','\'\'',1,'2017-09-05 21:43:15',1,'','2017-09-06 00:04:45',1,0,'0000-00-00 00:00:00',1,154),
(236,'FECHA DE CIRCULACIÓN AP-1','','field236',2,3,4,0,5,0,0,1,0,0,0,0,1,'date','','',0,'string','','inputbox','22','25','','','','','Option Values','',0,'%Y-%m-%d','','','',0,0,'*','*',0,0,'user_utc','','','','','','','','',0,'',0,'','','','','DATETIME','','\'NULL\'',1,'2017-09-14 15:38:20',1,'','2017-10-01 16:45:35',1,0,'0000-00-00 00:00:00',1,8),
(238,'joomla_features','','joomla_features',6,24,22,0,20,0,0,0,0,0,0,0,0,'','','',0,'string','','','','','','','','','Option Values','',0,'','','','',0,0,'*','*',0,0,'','','','','','','','','',0,'',0,'','','','','VARCHAR','1024','\'\'',1,'2017-09-14 22:34:32',1,'','2017-09-14 22:40:08',1,0,'0000-00-00 00:00:00',1,160),
(239,'joomla_features','','joomla_features',6,23,29,0,20,0,0,0,0,0,0,0,0,'','','',0,'string','','','','','','','','','Option Values','',0,'','','','',0,0,'*','*',0,0,'','','','','','','','','',0,'',0,'','','','','VARCHAR','1024','\'\'',1,'2017-09-14 22:34:32',1,'','2017-09-14 22:50:15',1,0,'0000-00-00 00:00:00',1,157),
(240,'joomla parts','','joomla_parts',6,23,30,0,20,0,0,0,0,0,0,0,0,'','','',0,'string','','','','','','','','','Option Values','',0,'','','','',0,0,'*','*',0,0,'','','','','','','','','',0,'',0,'','','','','VARCHAR','1024','\'\'',1,'2017-09-14 22:50:15',1,'','2017-09-14 22:51:32',1,0,'0000-00-00 00:00:00',1,158),
(241,'joomla_parts','','joomla_parts',6,24,21,0,20,0,0,0,0,0,0,0,0,'','','',0,'string','','','','','','','','','Option Values','',0,'','','','',0,0,'*','*',0,0,'','','','','','','','','',0,'',0,'','','','','VARCHAR','1024','\'\'',1,'2017-09-14 22:50:15',1,'','2017-09-14 22:52:13',1,0,'0000-00-00 00:00:00',1,159),
(242,' Code Name','','code_name',6,25,26,0,1,1,0,0,0,0,0,0,0,'','','',0,'string','','inputbox','50','255','','','','','Option Values','',0,'','','','',0,0,'*','*',0,0,'','','','','','','','','',0,'',0,'','','','','VARCHAR','50','\'\'',1,'2017-09-14 22:53:49',1,'','2017-09-14 22:55:10',1,1,'2017-09-20 15:02:19',1,161),
(243,' Code Name','','code_name',6,26,23,0,1,1,0,0,0,0,0,0,0,'','','',0,'string','','inputbox','50','255','','','','','Option Values','',0,'','','','',0,0,'*','*',0,0,'','','','','','','','','',0,'',0,'','','','','VARCHAR','50','\'\'',1,'2017-09-14 22:53:49',1,'','2017-09-14 22:56:39',1,0,'0000-00-00 00:00:00',1,162),
(244,' Code Name','','code_name',6,27,27,0,1,1,0,0,0,0,0,0,0,'','','',0,'string','','inputbox','50','255','','','','','Option Values','',0,'','','','',0,0,'*','*',0,0,'','','','','','','','','',0,'',0,'','','','','VARCHAR','50','\'\'',1,'2017-09-14 22:53:49',1,'','2017-09-14 22:59:57',1,0,'0000-00-00 00:00:00',1,163),
(245,'Source path','','source_path',6,28,28,0,1,0,0,0,0,0,0,0,0,'','','',0,'string','','inputbox','50','255','','','','','Option Values','',0,'','','','',0,0,'*','*',0,0,'','','','','','','','','',0,'',0,'','','','','VARCHAR','255','\'\'',1,'2017-09-14 23:00:50',1,'','2017-09-14 23:01:22',1,0,'0000-00-00 00:00:00',1,164),
(246,'Número','<p>Número del expediente</p>\r\n<p>@ToDo :</p>\r\n<p>- required</p>\r\n<p>- validaiones INT</p>','numero',1,29,31,0,1,0,0,0,0,0,0,0,0,'','','',0,'string','','inputbox','50','255','','','','','Option Values','',0,'','','','',0,0,'*','*',0,0,'','','','','','','','','',0,'',0,'','','','','VARCHAR','255','\'\'',1,'2017-09-19 05:22:45',1,'','2017-09-21 05:01:22',1,0,'0000-00-00 00:00:00',4,151),
(247,'Expediente','<p>@ToDo add CONSTRAINT id_expediente -&gt; jt_expediente</p>','id_expediente',1,1,1,0,33,1,1,1,0,0,0,0,0,'numeric','','',0,'int','','modal','','','','','','','Option Values','',0,'','','','',0,0,'*','*',29,0,'','','','','','','','','',0,'',0,'','','','','INT','10','\'NULL\'',1,'2017-09-19 05:29:53',1,'','2017-10-29 23:01:52',1,0,'0000-00-00 00:00:00',13,3),
(248,'Expediente','','expediente',1,1,1,0,13,0,0,0,0,0,0,0,0,'numeric','','',0,'string','','modal','','','','','','','Option Values','',0,'','','','',0,0,'*','*',29,0,'','','','','','','','','',0,'',0,'','','','','INT','10','\'0\'',1,'2017-09-19 18:02:13',1,'','2017-10-19 00:23:47',1,0,'0000-00-00 00:00:00',3,1),
(249,'Expediente de origen','','id_exp_orig',1,29,31,0,33,0,0,1,1,0,0,0,0,'numeric','','',0,'int','','modal','','','','','','','Option Values','',0,'','','','',0,0,'*','*',29,0,'','','','','','','','','',0,'',0,'','','','','INT','10','\'NULL\'',1,'2017-09-21 04:47:55',1,'','2017-09-21 05:28:37',1,0,'0000-00-00 00:00:00',3,150),
(250,'FECHA DEL OFICIO','','field250',2,6,7,0,5,0,0,1,0,0,0,0,1,'date','','',0,'string','','inputbox','22','25','','','','','Option Values','',0,'%Y-%m-%d','','','',0,0,'*','*',0,0,'user_utc','','','','','','','','',0,'',0,'','','','','DATETIME','','\'NULL\'',1,'2017-08-19 22:01:07',1,'','2017-09-21 22:02:08',1,0,'0000-00-00 00:00:00',3,52),
(251,'Tipo de Archivo','','id_type',1,30,32,0,1,1,0,1,0,0,0,0,0,'numeric','','',0,'int','','inputbox','50','255','','','','','','',0,'','','','',0,0,'*','*',0,0,'int','','','','','','','','',0,'',0,'','','','','INT','11','\'NULL\'',1,'2017-09-22 17:10:08',1,'','2017-09-22 17:25:13',1,1,'2017-09-22 17:52:47',6,152),
(252,'Archivo','','filename',1,30,32,0,9,1,0,0,0,0,0,0,0,'','','',0,'string','','inputbox','1','','','','','','','',0,'','','','',0,0,'*','*',0,0,'','','','','','','','','',0,'',0,'','','','','VARCHAR','45','\'NULL\'',0,'2017-09-22 17:19:01',1,'','2017-09-27 18:21:37',1,0,'0000-00-00 00:00:00',5,153),
(253,'FIRMA DE QUIEN RECIBE LAS CONSTANCIAS','<p>LA RECEPCIÓN DE LAS CONSTANCIAS SE FIRMA DE RECIBIDO</p>','field253',2,3,4,0,35,0,0,0,0,0,0,0,1,'numeric','','',0,'int','','modal','','','','','','','Option Values','',0,'','','','',0,0,'*','*',30,0,'','','','','','','','','',0,'',0,'','','','','INT','10','\'NULL\'',1,'2017-08-19 22:01:07',1,'','2017-10-01 16:45:35',1,0,'0000-00-00 00:00:00',2,12),
(254,'FIRMA DEL M.P.','<p>SE FIRMA POR EL M.P</p>','field254',2,5,6,0,34,0,0,0,0,0,0,0,1,'numeric','','',0,'int','','modal','','','','','','','Option Values','',0,'','','','',0,0,'*','*',30,0,'','','','','','','','','',0,'',0,'','','','','INT','10','\'NULL\'',1,'2017-08-19 22:01:07',1,'','2017-09-22 23:17:54',1,0,'0000-00-00 00:00:00',2,44),
(255,'Año j.','<p>Año judicial</p>','anoj',2,3,4,0,1,0,0,1,0,0,0,0,0,'','','',0,'string','','inputbox','50','255','','','','','','',0,'','','','',0,0,'*','*',0,0,'','','','','','','','','',0,'',0,'','','','','YEAR','4','\'NULL\'',1,'2017-08-19 22:01:07',1,'','2017-09-22 23:34:01',1,0,'0000-00-00 00:00:00',2,1),
(256,'Año j.','<p>Año judicial</p>','anoj',2,4,5,0,1,0,0,1,0,0,0,0,0,'','','',0,'string','','inputbox','50','255','','','','','','',0,'','','','',0,0,'*','*',0,0,'','','','','','','','','',0,'',0,'','','','','YEAR','4','\'NULL\'',1,'2017-08-19 22:01:07',1,'','2017-09-22 23:17:00',1,0,'0000-00-00 00:00:00',4,31),
(257,'Año j.','<p>Año judicial</p>','anoj',2,5,6,0,1,0,0,1,0,0,0,0,0,'','','',0,'string','','inputbox','50','255','','','','','','',0,'','','','',0,0,'*','*',0,0,'','','','','','','','','',0,'',0,'','','','','YEAR','4','\'NULL\'',1,'2017-08-19 22:01:07',1,'','2017-09-22 23:17:47',1,0,'0000-00-00 00:00:00',1,37),
(258,'Año j.','<p>Año judicial</p>','anoj',2,6,7,0,1,0,0,1,0,0,0,0,0,'','','',0,'string','','inputbox','50','255','','','','','','',0,'','','','',0,0,'*','*',0,0,'','','','','','','','','',0,'',0,'','','','','YEAR','4','\'NULL\'',1,'2017-08-19 22:01:07',1,'','2017-09-22 23:19:24',1,0,'0000-00-00 00:00:00',1,44),
(259,'Año j.','<p>Año judicial</p>','anoj',2,7,8,0,1,0,0,1,0,0,0,0,0,'','','',0,'string','','inputbox','50','255','','','','','','',0,'','','','',0,0,'*','*',0,0,'','','','','','','','','',0,'',0,'','','','','YEAR','4','\'NULL\'',1,'2017-08-19 22:01:07',1,'','2017-09-22 23:10:14',1,0,'0000-00-00 00:00:00',1,1),
(260,'Año j.','<p>Año judicial</p>','anoj',2,8,9,0,1,0,0,1,0,0,0,0,0,'','','',0,'string','','inputbox','50','255','','','','','','',0,'','','','',0,0,'*','*',0,0,'','','','','','','','','',0,'',0,'','','','','YEAR','4','\'NULL\'',1,'2017-08-19 22:01:07',1,'','2017-09-22 23:10:39',1,0,'0000-00-00 00:00:00',1,60),
(261,'Año j.','<p>Año judicial</p>','anoj',2,9,10,0,1,0,0,1,0,0,0,0,0,'','','',0,'string','','inputbox','50','255','','','','','','',0,'','','','',0,0,'*','*',0,0,'','','','','','','','','',0,'',0,'','','','','YEAR','4','\'NULL\'',1,'2017-08-19 22:01:07',1,'','2017-09-22 23:10:59',1,0,'0000-00-00 00:00:00',1,74),
(262,'Año j.','<p>Año judicial</p>','anoj',2,11,12,0,1,0,0,1,0,0,0,0,0,'','','',0,'string','','inputbox','50','255','','','','','','',0,'','','','',0,0,'*','*',0,0,'','','','','','','','','',0,'',0,'','','','','YEAR','4','\'NULL\'',1,'2017-08-19 22:01:07',1,'','2017-09-22 23:11:36',1,0,'0000-00-00 00:00:00',1,99),
(263,'Año j.','<p>Año judicial</p>','anoj',2,12,13,0,1,0,0,1,0,0,0,0,0,'','','',0,'string','','inputbox','50','255','','','','','','',0,'','','','',0,0,'*','*',0,0,'','','','','','','','','',0,'',0,'','','','','YEAR','4','\'NULL\'',1,'2017-08-19 22:01:07',1,'','2017-09-22 23:12:23',1,0,'0000-00-00 00:00:00',1,109),
(264,'Año j.','<p>Año judicial</p>','anoj',2,13,14,0,1,0,0,1,0,0,0,0,0,'','','',0,'string','','inputbox','50','255','','','','','','',0,'','','','',0,0,'*','*',0,0,'','','','','','','','','',0,'',0,'','','','','YEAR','4','\'NULL\'',1,'2017-08-19 22:01:07',1,'','2017-09-22 23:13:22',1,0,'0000-00-00 00:00:00',1,1),
(265,'Año j.','<p>Año judicial</p>','anoj',2,14,15,0,1,0,0,1,0,0,0,0,0,'','','',0,'string','','inputbox','50','255','','','','','','',0,'','','','',0,0,'*','*',0,0,'','','','','','','','','',0,'',0,'','','','','YEAR','4','\'NULL\'',1,'2017-08-19 22:01:07',1,'','2017-09-22 23:13:46',1,0,'0000-00-00 00:00:00',1,127),
(266,'Año j.','<p>Año judicial</p>','anoj',2,15,16,0,1,0,0,1,0,0,0,0,0,'','','',0,'string','','inputbox','50','255','','','','','','',0,'','','','',0,0,'*','*',0,0,'','','','','','','','','',0,'',0,'','','','','YEAR','4','\'NULL\'',1,'2017-08-19 22:01:07',1,'','2017-09-22 23:15:04',1,0,'0000-00-00 00:00:00',1,138),
(267,'IMPORTE','','field267',2,10,11,0,1,0,0,1,0,0,0,0,0,'','','',0,'string','','inputbox','50','255','','','','','Option Values','',0,'','','','',0,0,'*','*',0,0,'','','','','','','','','',0,'',0,'','','','','VARCHAR','45','\'NULL\'',1,'2017-08-19 22:01:07',1,'','2017-10-22 23:47:02',1,0,'0000-00-00 00:00:00',2,96),
(269,'FECHA Y HORA DE ENTRADA','','field5',8,2,33,0,36,0,0,1,0,0,0,0,0,'','','',0,'string','','inputbox','50','255','','','','','Option Values','',0,'','','','',0,0,'*','*',0,0,'','','','','','','','','',0,'',0,'','','','','VARCHAR','45','NULL',1,'2017-10-29 11:05:13',1,'','2017-10-29 11:05:13',1,1,'2017-10-29 11:05:13',1,5),
(270,'CUANTÍA','','field6',8,2,33,0,38,0,0,1,0,0,0,0,0,'','','',0,'string','','inputbox','50','255','','','','','Option Values','',0,'','','','',0,0,'*','*',0,0,'','','','','','','','','',0,'',0,'','','','','VARCHAR','45','NULL',1,'2017-10-29 11:05:13',1,'','2017-10-29 11:05:13',1,1,'2017-10-29 11:05:13',1,6),
(271,'TIPO DE MONEDA','','field14',8,2,33,0,38,0,0,1,0,0,0,0,0,'','','',0,'string','','inputbox','50','255','','','','','Option Values','',0,'','','','',0,0,'*','*',0,0,'','','','','','','','','',0,'',0,'','','','','VARCHAR','45','NULL',1,'2017-10-29 11:05:13',1,'','2017-10-29 11:05:13',1,1,'2017-10-29 11:05:13',1,7),
(272,'SUERTE PRINCIPAL','','field7',8,2,33,0,37,0,0,1,0,0,0,0,0,'','','',0,'string','','inputbox','50','255','','','','','Option Values','',0,'','','','',0,0,'*','*',0,0,'','','','','','','','','',0,'',0,'','','','','VARCHAR','45','NULL',1,'2017-10-29 11:05:13',1,'','2017-10-29 11:05:13',1,1,'2017-10-29 11:05:13',1,7),
(273,'TIPO DE RESOLUCIÓN','','field8',8,2,33,0,38,0,0,1,0,0,0,0,0,'','','',0,'string','','inputbox','50','255','','','','','Option Values','',0,'','','','',0,0,'*','*',0,0,'','','','','','','','','',0,'',0,'','','','','VARCHAR','45','NULL',1,'2017-10-29 11:05:13',1,'','2017-10-29 11:05:13',1,1,'2017-10-29 11:05:13',1,8),
(274,'FECHA DE LA RESOLUCIÓN','','field9',8,2,33,0,5,0,0,1,0,0,0,0,0,'','','',0,'string','','inputbox','50','255','','','','','Option Values','',0,'','','','',0,0,'*','*',0,0,'','','','','','','','','',0,'',0,'','','','','VARCHAR','45','NULL',1,'2017-10-29 11:05:13',1,'','2017-10-29 11:05:13',1,1,'2017-10-29 11:05:13',1,9),
(275,'SENTIDO DE LA RESOLUCIÓN','','field10',8,2,33,0,1,0,0,1,0,0,0,0,0,'','','',0,'string','','inputbox','50','255','','','','','Option Values','',0,'','','','',0,0,'*','*',0,0,'','','','','','','','','',0,'',0,'','','','','VARCHAR','45','NULL',1,'2017-10-29 11:05:13',1,'','2017-10-29 11:05:13',1,1,'2017-10-29 11:05:13',1,10),
(276,'FECHA DE LA RESOLUCIÓN DE LA SALA','','field11',8,2,33,0,5,0,0,1,0,0,0,0,0,'','','',0,'string','','inputbox','50','255','','','','','Option Values','',0,'','','','',0,0,'*','*',0,0,'','','','','','','','','',0,'',0,'','','','','VARCHAR','45','NULL',1,'2017-10-29 11:05:13',1,'','2017-10-29 11:05:13',1,1,'2017-10-29 11:05:13',1,11),
(277,'SENTIDO DE LA RESOLUCIÓN DE LA SALA','','field12',8,2,33,0,1,0,0,1,0,0,0,0,0,'','','',0,'string','','inputbox','50','255','','','','','Option Values','',0,'','','','',0,0,'*','*',0,0,'','','','','','','','','',0,'',0,'','','','','VARCHAR','45','NULL',1,'2017-10-29 11:05:13',1,'','2017-10-29 11:05:13',1,1,'2017-10-29 11:05:13',1,12),
(278,'OBSERVACIONES','','field13',8,2,33,0,4,0,0,1,0,0,0,0,0,'','','',0,'string','','inputbox','50','255','','','','','Option Values','',0,'','','','',0,0,'*','*',0,0,'','','','','','','','','',0,'',0,'','','','','VARCHAR','45','NULL',1,'2017-10-29 11:05:13',1,'','2017-10-29 11:05:13',1,1,'2017-10-29 11:05:13',1,13),
(279,'FECHA EN QUE SE RECIBE EL DOCUMENTO','','field2',8,40,34,0,5,0,0,1,0,0,0,0,0,'','','',0,'string','','inputbox','50','255','','','','','Option Values','',0,'','','','',0,0,'*','*',0,0,'','','','','','','','','',0,'',0,'','','','','VARCHAR','45','NULL',1,'2017-10-29 11:05:13',1,'','2017-10-29 11:05:13',1,1,'2017-10-29 11:05:13',1,2),
(280,'FECHA EN QUE SE EXPIDE EL DOCUMENTO','','field3',8,40,34,0,5,0,0,1,0,0,0,0,0,'','','',0,'string','','inputbox','50','255','','','','','Option Values','',0,'','','','',0,0,'*','*',0,0,'','','','','','','','','',0,'',0,'','','','','VARCHAR','45','NULL',1,'2017-10-29 11:05:13',1,'','2017-10-29 11:05:13',1,1,'2017-10-29 11:05:13',1,3),
(281,'REFERENCIA','','field10',8,40,34,0,1,0,0,1,0,0,0,0,0,'','','',0,'string','','inputbox','50','255','','','','','Option Values','',0,'','','','',0,0,'*','*',0,0,'','','','','','','','','',0,'',0,'','','','','VARCHAR','45','NULL',1,'2017-10-29 11:05:13',1,'','2017-10-29 11:05:13',1,1,'2017-10-29 11:05:13',1,4),
(282,'No. DEL DOCUMENTO','','field4',8,40,34,0,1,0,0,1,0,0,0,0,0,'','','',0,'string','','inputbox','50','255','','','','','Option Values','',0,'','','','',0,0,'*','*',0,0,'','','','','','','','','',0,'',0,'','','','','VARCHAR','45','NULL',1,'2017-10-29 11:05:13',1,'','2017-10-29 11:05:13',1,1,'2017-10-29 11:05:13',1,4),
(283,'MONTO DEL DOCUMENTO','','field5',8,40,34,0,37,0,0,1,0,0,0,0,0,'','','',0,'string','','inputbox','50','255','','','','','Option Values','',0,'','','','',0,0,'*','*',0,0,'','','','','','','','','',0,'',0,'','','','','VARCHAR','45','NULL',1,'2017-10-29 11:05:13',1,'','2017-10-29 11:05:13',1,1,'2017-10-29 11:05:13',1,5),
(284,'QUIEN LO EXPIDE','','field6',8,40,34,0,1,0,0,1,0,0,0,0,0,'','','',0,'string','','inputbox','50','255','','','','','Option Values','',0,'','','','',0,0,'*','*',0,0,'','','','','','','','','',0,'',0,'','','','','VARCHAR','45','NULL',1,'2017-10-29 11:05:13',1,'','2017-10-29 11:05:13',1,1,'2017-10-29 11:05:13',1,6),
(285,'NOMBRE DEL ACTOR O DEMANDADO','parent - modelo externo','field7',8,40,34,0,1,0,0,1,0,0,0,0,0,'','','',0,'string','','inputbox','50','255','','','','','Option Values','',0,'','','','',0,0,'*','*',0,0,'','','','','','','','','',0,'',0,'','','','','VARCHAR','45','NULL',0,'2017-10-29 11:05:13',1,'','2017-10-29 11:05:13',1,1,'2017-10-29 11:05:13',1,7),
(286,'BENEFICIARIO (S)','parent - modelo externo','field8',8,40,34,0,1,0,0,1,0,0,0,0,0,'','','',0,'string','','inputbox','50','255','','','','','Option Values','',0,'','','','',0,0,'*','*',0,0,'','','','','','','','','',0,'',0,'','','','','VARCHAR','45','NULL',0,'2017-10-29 11:05:13',1,'','2017-10-29 11:05:13',1,1,'2017-10-29 11:05:13',1,8),
(287,'OBSERVACIONES','','field9',8,40,34,0,4,0,0,1,0,0,0,0,0,'','','',0,'string','','inputbox','50','255','','','','','Option Values','',0,'','','','',0,0,'*','*',0,0,'','','','','','','','','',0,'',0,'','','','','VARCHAR','45','NULL',1,'2017-10-29 11:05:13',1,'','2017-10-29 11:05:13',1,1,'2017-10-29 11:05:13',1,9),
(288,'BENEFICIARIO','person - dividido','field1',8,41,35,0,1,0,0,1,0,0,0,0,0,'','','',0,'string','','inputbox','50','255','','','','','Option Values','',0,'','','','',0,0,'*','*',0,0,'','','','','','','','','',0,'',0,'','','','','VARCHAR','45','NULL',0,'2017-10-29 11:05:13',1,'','2017-10-29 11:05:13',1,1,'2017-10-29 11:05:13',1,1),
(289,'PERSONALIDAD','','field2',8,41,35,0,1,0,0,1,0,0,0,0,0,'','','',0,'string','','inputbox','50','255','','','','','Option Values','',0,'','','','',0,0,'*','*',0,0,'','','','','','','','','',0,'',0,'','','','','VARCHAR','45','NULL',1,'2017-10-29 11:05:13',1,'','2017-10-29 11:05:13',1,1,'2017-10-29 11:05:13',1,2),
(290,'FECHA EN QUE RECIBE','','field3',8,41,35,0,5,0,0,1,0,0,0,0,0,'','','',0,'string','','inputbox','50','255','','','','','Option Values','',0,'','','','',0,0,'*','*',0,0,'','','','','','','','','',0,'',0,'','','','','VARCHAR','45','NULL',1,'2017-10-29 11:05:13',1,'','2017-10-29 11:05:13',1,1,'2017-10-29 11:05:13',1,3),
(291,'No DEL BILLETE','','field4',8,41,35,0,1,0,0,1,0,0,0,0,0,'','','',0,'string','','inputbox','50','255','','','','','Option Values','',0,'','','','',0,0,'*','*',0,0,'','','','','','','','','',0,'',0,'','','','','VARCHAR','45','NULL',1,'2017-10-29 11:05:13',1,'','2017-10-29 11:05:13',1,1,'2017-10-29 11:05:13',1,4),
(292,'MONTO','','field5',8,41,35,0,37,0,0,1,0,0,0,0,0,'','','',0,'string','','inputbox','50','255','','','','','Option Values','',0,'','','','',0,0,'*','*',0,0,'','','','','','','','','',0,'',0,'','','','','VARCHAR','45','NULL',1,'2017-10-29 11:05:13',1,'','2017-10-29 11:05:13',1,1,'2017-10-29 11:05:13',1,5),
(293,'NOMBRE DE QUIEN RECIBE','person - dividido','field6',8,41,35,0,1,0,0,1,0,0,0,0,0,'','','',0,'string','','inputbox','50','255','','','','','Option Values','',0,'','','','',0,0,'*','*',0,0,'','','','','','','','','',0,'',0,'','','','','VARCHAR','45','NULL',0,'2017-10-29 11:05:13',1,'','2017-10-29 11:05:13',1,1,'2017-10-29 11:05:13',1,6),
(294,'DE QUIEN RECIBE','','field7',8,41,35,0,34,0,0,1,0,0,0,0,0,'','','',0,'string','','inputbox','50','255','','','','','Option Values','',0,'','','','',0,0,'*','*',0,0,'','','','','','','','','',0,'',0,'','','','','VARCHAR','45','NULL',1,'2017-10-29 11:05:13',1,'','2017-10-29 11:05:13',1,1,'2017-10-29 11:05:13',1,7),
(295,'DATOS DE IDENTIFICACIÓN','','field8',8,41,35,0,1,0,0,1,0,0,0,0,0,'','','',0,'string','','inputbox','50','255','','','','','Option Values','',0,'','','','',0,0,'*','*',0,0,'','','','','','','','','',0,'',0,'','','','','VARCHAR','45','NULL',1,'2017-10-29 11:05:13',1,'','2017-10-29 11:05:13',1,1,'2017-10-29 11:05:13',1,8),
(296,'FOJAS','','field10',8,41,35,0,1,0,0,1,0,0,0,0,0,'','','',0,'string','','inputbox','50','255','','','','','Option Values','',0,'','','','',0,0,'*','*',0,0,'','','','','','','','','',0,'',0,'','','','','VARCHAR','45','NULL',1,'2017-10-29 11:05:13',1,'','2017-10-29 11:05:13',1,1,'2017-10-29 11:05:13',1,10),
(297,'DEL JUEZ','','field11',8,41,35,0,35,0,0,1,0,0,0,0,0,'','','',0,'string','','inputbox','50','255','','','','','Option Values','',0,'','','','',0,0,'*','*',0,0,'','','','','','','','','',0,'',0,'','','','','VARCHAR','45','NULL',1,'2017-10-29 11:05:13',1,'','2017-10-29 11:05:13',1,1,'2017-10-29 11:05:13',1,11),
(298,'DEL SECRETARIO','','field12',8,41,35,0,35,0,0,1,0,0,0,0,0,'','','',0,'string','','inputbox','50','255','','','','','Option Values','',0,'','','','',0,0,'*','*',0,0,'','','','','','','','','',0,'',0,'','','','','VARCHAR','45','NULL',1,'2017-10-29 11:05:13',1,'','2017-10-29 11:05:13',1,1,'2017-10-29 11:05:13',1,12),
(299,'CONCEPTO','','field13',8,41,35,0,1,0,0,1,0,0,0,0,0,'','','',0,'string','','inputbox','50','255','','','','','Option Values','',0,'','','','',0,0,'*','*',0,0,'','','','','','','','','',0,'',0,'','','','','VARCHAR','45','NULL',1,'2017-10-29 11:05:13',1,'','2017-10-29 11:05:13',1,1,'2017-10-29 11:05:13',1,13),
(300,'FECHA  DEL AUTO QUE ORDENA LA DEVOLUCIÓN','','field14',8,41,35,0,5,0,0,1,0,0,0,0,0,'','','',0,'string','','inputbox','50','255','','','','','Option Values','',0,'','','','',0,0,'*','*',0,0,'','','','','','','','','',0,'',0,'','','','','VARCHAR','45','NULL',1,'2017-10-29 11:05:13',1,'','2017-10-29 11:05:13',1,1,'2017-10-29 11:05:13',1,14),
(301,'OBSERVACIONES','','field15',8,41,35,0,4,0,0,1,0,0,0,0,0,'','','',0,'string','','inputbox','50','255','','','','','Option Values','',0,'','','','',0,0,'*','*',0,0,'','','','','','','','','',0,'',0,'','','','','VARCHAR','45','NULL',1,'2017-10-29 11:05:13',1,'','2017-10-29 11:05:13',1,1,'2017-10-29 11:05:13',1,15),
(302,'FECHA Y HORA DE RECEPCIÓN','','field1',8,42,36,0,36,0,0,1,0,0,0,0,0,'','','',0,'string','','inputbox','50','255','','','','','Option Values','',0,'','','','',0,0,'*','*',0,0,'','','','','','','','','',0,'',0,'','','','','VARCHAR','45','NULL',1,'2017-10-29 11:05:13',1,'','2017-10-29 11:05:13',1,1,'2017-10-29 11:05:13',1,1),
(303,'OCURSANTE','','field2',8,42,36,0,1,0,0,1,0,0,0,0,0,'','','',0,'string','','inputbox','50','255','','','','','Option Values','',0,'','','','',0,0,'*','*',0,0,'','','','','','','','','',0,'',0,'','','','','VARCHAR','45','NULL',1,'2017-10-29 11:05:13',1,'','2017-10-29 11:05:13',1,1,'2017-10-29 11:05:13',1,2),
(304,'OBSERVACIONES','','field7',8,42,36,0,4,0,0,1,0,0,0,0,0,'','','',0,'string','','inputbox','50','255','','','','','Option Values','',0,'','','','',0,0,'*','*',0,0,'','','','','','','','','',0,'',0,'','','','','VARCHAR','45','NULL',1,'2017-10-29 11:05:13',1,'','2017-10-29 11:05:13',1,1,'2017-10-29 11:05:13',1,7),
(305,'NÚMERO DE FOJAS','','field2',8,43,37,0,22,0,0,1,0,0,0,0,0,'','','',0,'string','','inputbox','50','255','','','','','Option Values','',0,'','','','',0,0,'*','*',0,0,'','','','','','','','','',0,'',0,'','','','','VARCHAR','45','NULL',1,'2017-10-29 11:05:13',1,'','2017-10-29 11:05:13',1,1,'2017-10-29 11:05:13',1,2),
(306,'FECHA DE CITACIÓN','','field6',8,43,37,0,5,0,0,1,0,0,0,0,0,'','','',0,'string','','inputbox','50','255','','','','','Option Values','',0,'','','','',0,0,'*','*',0,0,'','','','','','','','','',0,'',0,'','','','','VARCHAR','45','NULL',1,'2017-10-29 11:05:13',1,'','2017-10-29 11:05:13',1,1,'2017-10-29 11:05:13',1,6),
(307,'FECHA DE LA PUBLICACIÓN DE LA CITACIÓN','','field7',8,43,37,0,5,0,0,1,0,0,0,0,0,'','','',0,'string','','inputbox','50','255','','','','','Option Values','',0,'','','','',0,0,'*','*',0,0,'','','','','','','','','',0,'',0,'','','','','VARCHAR','45','NULL',1,'2017-10-29 11:05:13',1,'','2017-10-29 11:05:13',1,1,'2017-10-29 11:05:13',1,7),
(308,'FECHA DE SENTENCIA','','field8',8,43,37,0,5,0,0,1,0,0,0,0,0,'','','',0,'string','','inputbox','50','255','','','','','Option Values','',0,'','','','',0,0,'*','*',0,0,'','','','','','','','','',0,'',0,'','','','','VARCHAR','45','NULL',1,'2017-10-29 11:05:13',1,'','2017-10-29 11:05:13',1,1,'2017-10-29 11:05:13',1,8),
(309,'SE DEJA SIN EFECTOS','','field9',8,43,37,0,16,0,0,1,0,0,0,0,0,'','','',0,'string','','inputbox','50','255','','','','','Option Values','',0,'','','','',0,0,'*','*',0,0,'','','','','','','','','',0,'',0,'','','','','VARCHAR','45','NULL',1,'2017-10-29 11:05:13',1,'','2017-10-29 11:05:13',1,1,'2017-10-29 11:05:13',1,9),
(310,'TIPO DE SENTENCIA','','field10',8,43,37,0,38,0,0,1,0,0,0,0,0,'','','',0,'string','','inputbox','50','255','','','','','Option Values','',0,'','','','',0,0,'*','*',0,0,'','','','','','','','','',0,'',0,'','','','','VARCHAR','45','NULL',1,'2017-10-29 11:05:13',1,'','2017-10-29 11:05:13',1,1,'2017-10-29 11:05:13',1,10),
(311,'FECHA DE PUBLICACIÓN BOLETÍN JUDICIAL','','field11',8,43,37,0,5,0,0,1,0,0,0,0,0,'','','',0,'string','','inputbox','50','255','','','','','Option Values','',0,'','','','',0,0,'*','*',0,0,'','','','','','','','','',0,'',0,'','','','','VARCHAR','45','NULL',1,'2017-10-29 11:05:13',1,'','2017-10-29 11:05:13',1,1,'2017-10-29 11:05:13',1,11),
(312,'OBSERVACIONES','','field12',8,43,37,0,4,0,0,1,0,0,0,0,0,'','','',0,'string','','inputbox','50','255','','','','','Option Values','',0,'','','','',0,0,'*','*',0,0,'','','','','','','','','',0,'',0,'','','','','VARCHAR','45','NULL',1,'2017-10-29 11:05:13',1,'','2017-10-29 11:05:13',1,1,'2017-10-29 11:05:13',1,12),
(313,'FECHA EN QUE SE INTERPUSO LA APELACIÓN','','field17',8,44,38,0,5,0,0,1,0,0,0,0,0,'','','',0,'string','','inputbox','50','255','','','','','Option Values','',0,'','','','',0,0,'*','*',0,0,'','','','','','','','','',0,'',0,'','','','','VARCHAR','45','NULL',1,'2017-10-29 11:05:13',1,'','2017-10-29 11:05:13',1,1,'2017-10-29 11:05:13',1,4),
(314,'FECHA DE RESOLUCIÓN  APELADA','','field5',8,44,38,0,5,0,0,1,0,0,0,0,0,'','','',0,'string','','inputbox','50','255','','','','','Option Values','',0,'','','','',0,0,'*','*',0,0,'','','','','','','','','',0,'',0,'','','','','VARCHAR','45','NULL',1,'2017-10-29 11:05:13',1,'','2017-10-29 11:05:13',1,1,'2017-10-29 11:05:13',1,5),
(315,'EFECTOS','','field16',8,44,38,0,1,0,0,1,0,0,0,0,0,'','','',0,'string','','inputbox','50','255','','','','','Option Values','',0,'','','','',0,0,'*','*',0,0,'','','','','','','','','',0,'',0,'','','','','VARCHAR','45','NULL',1,'2017-10-29 11:05:13',1,'','2017-10-29 11:05:13',1,1,'2017-10-29 11:05:13',1,6),
(316,'FECHA DEL AUTO ADMISORIO','','field6',8,44,38,0,5,0,0,1,0,0,0,0,0,'','','',0,'string','','inputbox','50','255','','','','','Option Values','',0,'','','','',0,0,'*','*',0,0,'','','','','','','','','',0,'',0,'','','','','VARCHAR','45','NULL',1,'2017-10-29 11:05:13',1,'','2017-10-29 11:05:13',1,1,'2017-10-29 11:05:13',1,6),
(317,'APELANTE','parent - modelo externo','field7',8,44,38,0,1,0,0,1,0,0,0,0,0,'','','',0,'string','','inputbox','50','255','','','','','Option Values','',0,'','','','',0,0,'*','*',0,0,'','','','','','','','','',0,'',0,'','','','','VARCHAR','45','NULL',0,'2017-10-29 11:05:13',1,'','2017-10-29 11:05:13',1,1,'2017-10-29 11:05:13',1,7),
(318,'FECHA DE CONTESTACIÓN DE AGRAVIOS O REBELDÍA','','field8',8,44,38,0,5,0,0,1,0,0,0,0,0,'','','',0,'string','','inputbox','50','255','','','','','Option Values','',0,'','','','',0,0,'*','*',0,0,'','','','','','','','','',0,'',0,'','','','','VARCHAR','45','NULL',1,'2017-10-29 11:05:13',1,'','2017-10-29 11:05:13',1,1,'2017-10-29 11:05:13',1,8),
(319,'FECHA DE REMISIÓN A  LA SALA','','field9',8,44,38,0,5,0,0,1,0,0,0,0,0,'','','',0,'string','','inputbox','50','255','','','','','Option Values','',0,'','','','',0,0,'*','*',0,0,'','','','','','','','','',0,'',0,'','','','','VARCHAR','45','NULL',1,'2017-10-29 11:05:13',1,'','2017-10-29 11:05:13',1,1,'2017-10-29 11:05:13',1,9),
(320,'No. DE OFICIO DE REMISIÓN','','field10',8,44,38,0,1,0,0,1,0,0,0,0,0,'','','',0,'string','','inputbox','50','255','','','','','Option Values','',0,'','','','',0,0,'*','*',0,0,'','','','','','','','','',0,'',0,'','','','','VARCHAR','45','NULL',1,'2017-10-29 11:05:13',1,'','2017-10-29 11:05:13',1,1,'2017-10-29 11:05:13',1,10),
(321,'FECHA DE RECEPCIÓN DE LA SALA','','field11',8,44,38,0,5,0,0,1,0,0,0,0,0,'','','',0,'string','','inputbox','50','255','','','','','Option Values','',0,'','','','',0,0,'*','*',0,0,'','','','','','','','','',0,'',0,'','','','','VARCHAR','45','NULL',1,'2017-10-29 11:05:13',1,'','2017-10-29 11:05:13',1,1,'2017-10-29 11:05:13',1,11),
(322,'PREVENTIVA','','field12',8,44,38,0,16,0,0,1,0,0,0,0,0,'','','',0,'string','','inputbox','50','255','','','','','Option Values','',0,'','','','',0,0,'*','*',0,0,'','','','','','','','','',0,'',0,'','','','','VARCHAR','45','NULL',1,'2017-10-29 11:05:13',1,'','2017-10-29 11:05:13',1,1,'2017-10-29 11:05:13',1,12),
(323,'FECHA DE DEVOLUCIÓN','','field13',8,44,38,0,5,0,0,1,0,0,0,0,0,'','','',0,'string','','inputbox','50','255','','','','','Option Values','',0,'','','','',0,0,'*','*',0,0,'','','','','','','','','',0,'',0,'','','','','VARCHAR','45','NULL',1,'2017-10-29 11:05:13',1,'','2017-10-29 11:05:13',1,1,'2017-10-29 11:05:13',1,13),
(324,'SENTIDO EN QUE RESUELVE LA SALA','','field14',8,44,38,0,1,0,0,1,0,0,0,0,0,'','','',0,'string','','inputbox','50','255','','','','','Option Values','',0,'','','','',0,0,'*','*',0,0,'','','','','','','','','',0,'',0,'','','','','VARCHAR','45','NULL',1,'2017-10-29 11:05:13',1,'','2017-10-29 11:05:13',1,1,'2017-10-29 11:05:13',1,14),
(325,'OBSERVACIONES','','field15',8,44,38,0,4,0,0,1,0,0,0,0,0,'','','',0,'string','','inputbox','50','255','','','','','Option Values','',0,'','','','',0,0,'*','*',0,0,'','','','','','','','','',0,'',0,'','','','','VARCHAR','45','NULL',1,'2017-10-29 11:05:13',1,'','2017-10-29 11:05:13',1,1,'2017-10-29 11:05:13',1,15),
(326,'No. DE EXHORTO','','field1',8,45,39,0,1,0,0,1,0,0,0,0,0,'','','',0,'string','','inputbox','50','255','','','','','Option Values','',0,'','','','',0,0,'*','*',0,0,'','','','','','','','','',0,'',0,'','','','','VARCHAR','45','NULL',1,'2017-10-29 11:05:13',1,'','2017-10-29 11:05:13',1,1,'2017-10-29 11:05:13',1,1),
(327,'FECHA DE ENTRADA','','field2',8,45,39,0,5,0,0,1,0,0,0,0,0,'','','',0,'string','','inputbox','50','255','','','','','Option Values','',0,'','','','',0,0,'*','*',0,0,'','','','','','','','','',0,'',0,'','','','','VARCHAR','45','NULL',1,'2017-10-29 11:05:13',1,'','2017-10-29 11:05:13',1,1,'2017-10-29 11:05:13',1,2),
(328,'AUTORIDAD EXHORTANTE','','field3',8,45,39,0,1,0,0,1,0,0,0,0,0,'','','',0,'string','','inputbox','50','255','','','','','Option Values','',0,'','','','',0,0,'*','*',0,0,'','','','','','','','','',0,'',0,'','','','','VARCHAR','255','NULL',1,'2017-10-29 11:05:13',1,'','2017-10-29 11:05:13',1,1,'2017-10-29 11:05:13',1,3),
(329,'AUTO DE RADICACIÓN','','field7',8,45,39,0,1,0,0,1,0,0,0,0,0,'','','',0,'string','','inputbox','50','255','','','','','Option Values','',0,'','','','',0,0,'*','*',0,0,'','','','','','','','','',0,'',0,'','','','','VARCHAR','45','NULL',1,'2017-10-29 11:05:13',1,'','2017-10-29 11:05:13',1,1,'2017-10-29 11:05:13',1,7),
(330,'DILIGENCIA ENCOMENDADA','','field8',8,45,39,0,1,0,0,1,0,0,0,0,0,'','','',0,'string','','inputbox','50','255','','','','','Option Values','',0,'','','','',0,0,'*','*',0,0,'','','','','','','','','',0,'',0,'','','','','VARCHAR','45','NULL',1,'2017-10-29 11:05:13',1,'','2017-10-29 11:05:13',1,1,'2017-10-29 11:05:13',1,8),
(331,'FECHA DE DILIGENCIACIÓN','','field9',8,45,39,0,5,0,0,1,0,0,0,0,0,'','','',0,'string','','inputbox','50','255','','','','','Option Values','',0,'','','','',0,0,'*','*',0,0,'','','','','','','','','',0,'',0,'','','','','VARCHAR','45','NULL',1,'2017-10-29 11:05:13',1,'','2017-10-29 11:05:13',1,1,'2017-10-29 11:05:13',1,9),
(332,'SE CUMPLIMENTÓ','','field10',8,45,39,0,16,0,0,1,0,0,0,0,0,'','','',0,'string','','inputbox','50','255','','','','','Option Values','',0,'','','','',0,0,'*','*',0,0,'','','','','','','','','',0,'',0,'','','','','VARCHAR','45','NULL',1,'2017-10-29 11:05:13',1,'','2017-10-29 11:05:13',1,1,'2017-10-29 11:05:13',1,10),
(333,'FECHA DE DEVOLUCIÓN','','field11',8,45,39,0,5,0,0,1,0,0,0,0,0,'','','',0,'string','','inputbox','50','255','','','','','Option Values','',0,'','','','',0,0,'*','*',0,0,'','','','','','','','','',0,'',0,'','','','','VARCHAR','45','NULL',1,'2017-10-29 11:05:13',1,'','2017-10-29 11:05:13',1,1,'2017-10-29 11:05:13',1,11),
(334,'No. DE OFICIO DE DEVOLUCIÓN','','field12',8,45,39,0,1,0,0,1,0,0,0,0,0,'','','',0,'string','','inputbox','50','255','','','','','Option Values','',0,'','','','',0,0,'*','*',0,0,'','','','','','','','','',0,'',0,'','','','','VARCHAR','45','NULL',1,'2017-10-29 11:05:13',1,'','2017-10-29 11:05:13',1,1,'2017-10-29 11:05:13',1,12),
(335,'OBSERVACIONES','','field13',8,45,39,0,4,0,0,1,0,0,0,0,0,'','','',0,'string','','inputbox','50','255','','','','','Option Values','',0,'','','','',0,0,'*','*',0,0,'','','','','','','','','',0,'',0,'','','','','VARCHAR','45','NULL',1,'2017-10-29 11:05:13',1,'','2017-10-29 11:05:13',1,1,'2017-10-29 11:05:13',1,13),
(336,'DESTINATARIO','parent - modelo externo','field5',8,46,40,0,1,0,0,1,0,0,0,0,0,'','','',0,'string','','inputbox','50','255','','','','','Option Values','',0,'','','','',0,0,'*','*',0,0,'','','','','','','','','',0,'',0,'','','','','VARCHAR','45','NULL',0,'2017-10-29 11:05:13',1,'','2017-10-29 11:05:13',1,1,'2017-10-29 11:05:13',1,5),
(337,'FECHA DEL OFICIO','','field6',8,46,40,0,5,0,0,1,0,0,0,0,0,'','','',0,'string','','inputbox','50','255','','','','','Option Values','',0,'','','','',0,0,'*','*',0,0,'','','','','','','','','',0,'',0,'','','','','VARCHAR','45','NULL',1,'2017-10-29 11:05:13',1,'','2017-10-29 11:05:13',1,1,'2017-10-29 11:05:13',1,6),
(338,'No. DE OFICIO','','field10',8,46,40,0,1,0,0,1,0,0,0,0,0,'','','',0,'string','','inputbox','50','255','','','','','Option Values','',0,'','','','',0,0,'*','*',0,0,'','','','','','','','','',0,'',0,'','','','','VARCHAR','45','NULL',1,'2017-10-29 11:05:13',1,'','2017-10-29 11:05:13',1,1,'2017-10-29 11:05:13',1,6),
(339,'ASUNTO','','field7',8,46,40,0,1,0,0,1,0,0,0,0,0,'','','',0,'string','','inputbox','50','255','','','','','Option Values','',0,'','','','',0,0,'*','*',0,0,'','','','','','','','','',0,'',0,'','','','','VARCHAR','45','NULL',1,'2017-10-29 11:05:13',1,'','2017-10-29 11:05:13',1,1,'2017-10-29 11:05:13',1,7),
(340,'FECHA DE ENTREGA','','field8',8,46,40,0,5,0,0,1,0,0,0,0,0,'','','',0,'string','','inputbox','50','255','','','','','Option Values','',0,'','','','',0,0,'*','*',0,0,'','','','','','','','','',0,'',0,'','','','','VARCHAR','45','NULL',1,'2017-10-29 11:05:13',1,'','2017-10-29 11:05:13',1,1,'2017-10-29 11:05:13',1,8),
(341,'OBSERVACIONES','','field9',8,46,40,0,4,0,0,1,0,0,0,0,0,'','','',0,'string','','inputbox','50','255','','','','','Option Values','',0,'','','','',0,0,'*','*',0,0,'','','','','','','','','',0,'',0,'','','','','VARCHAR','45','NULL',1,'2017-10-29 11:05:13',1,'','2017-10-29 11:05:13',1,1,'2017-10-29 11:05:13',1,9),
(342,'NÚMERO DE CUADERNOS O CÉDULAS','','field5',8,47,41,0,22,0,0,1,0,0,0,0,0,'','','',0,'string','','inputbox','50','255','','','','','Option Values','',0,'','','','',0,0,'*','*',0,0,'','','','','','','','','',0,'',0,'','','','','VARCHAR','45','NULL',1,'2017-10-29 11:05:13',1,'','2017-10-29 11:05:13',1,1,'2017-10-29 11:05:13',1,5),
(343,'FECHA DE ENTREGA AL ACTUARIO','','field6',8,47,41,0,5,0,0,1,0,0,0,0,0,'','','',0,'string','','inputbox','50','255','','','','','Option Values','',0,'','','','',0,0,'*','*',0,0,'','','','','','','','','',0,'',0,'','','','','VARCHAR','45','NULL',1,'2017-10-29 11:05:13',1,'','2017-10-29 11:05:13',1,1,'2017-10-29 11:05:13',1,6),
(344,'FECHA DEL AUTO POR DILIGENCIAR','','field8',8,47,41,0,5,0,0,1,0,0,0,0,0,'','','',0,'string','','inputbox','50','255','','','','','Option Values','',0,'','','','',0,0,'*','*',0,0,'','','','','','','','','',0,'',0,'','','','','VARCHAR','45','NULL',1,'2017-10-29 11:05:13',1,'','2017-10-29 11:05:13',1,1,'2017-10-29 11:05:13',1,8),
(345,'LUGAR DONDE DEBE ACTUARSE','','field9',8,47,41,0,4,0,0,1,0,0,0,0,0,'','','',0,'string','','inputbox','50','255','','','','','Option Values','',0,'','','','',0,0,'*','*',0,0,'','','','','','','','','',0,'',0,'','','','','VARCHAR','45','NULL',1,'2017-10-29 11:05:13',1,'','2017-10-29 11:05:13',1,1,'2017-10-29 11:05:13',1,9),
(346,'FECHA DE LA DILIGENCIA','','field10',8,47,41,0,5,0,0,1,0,0,0,0,0,'','','',0,'string','','inputbox','50','255','','','','','Option Values','',0,'','','','',0,0,'*','*',0,0,'','','','','','','','','',0,'',0,'','','','','VARCHAR','45','NULL',1,'2017-10-29 11:05:13',1,'','2017-10-29 11:05:13',1,1,'2017-10-29 11:05:13',1,10),
(347,'FECHA DE LA DEVOLUCIÓN','','field11',8,47,41,0,5,0,0,1,0,0,0,0,0,'','','',0,'string','','inputbox','50','255','','','','','Option Values','',0,'','','','',0,0,'*','*',0,0,'','','','','','','','','',0,'',0,'','','','','VARCHAR','45','NULL',1,'2017-10-29 11:05:13',1,'','2017-10-29 11:05:13',1,1,'2017-10-29 11:05:13',1,11),
(348,'USO DE LA FUERZA PÚBLICA','','field14',8,47,41,0,16,0,0,1,0,0,0,0,0,'','','',0,'string','','inputbox','50','255','','','','','Option Values','',0,'','','','',0,0,'*','*',0,0,'','','','','','','','','',0,'',0,'','','','','VARCHAR','45','NULL',1,'2017-10-29 11:05:13',1,'','2017-10-29 11:05:13',1,1,'2017-10-29 11:05:13',1,12),
(349,'DETALLE DEL USO DE LA FUERZA PÚBLICA','Breve descripción para presentar reporte por convenios con la SSP','field15',8,47,41,0,4,0,0,1,0,0,0,0,0,'','','',0,'string','','inputbox','50','255','','','','','Option Values','',0,'','','','',0,0,'*','*',0,0,'','','','','','','','','',0,'',0,'','','','','VARCHAR','45','NULL',1,'2017-10-29 11:05:13',1,'','2017-10-29 11:05:13',1,1,'2017-10-29 11:05:13',1,13),
(350,'OBSERVACIONES','','field13',8,47,41,0,4,0,0,1,0,0,0,0,0,'','','',0,'string','','inputbox','50','255','','','','','Option Values','',0,'','','','',0,0,'*','*',0,0,'','','','','','','','','',0,'',0,'','','','','VARCHAR','45','NULL',1,'2017-10-29 11:05:13',1,'','2017-10-29 11:05:13',1,1,'2017-10-29 11:05:13',1,14),
(351,'NOMBRE DEL PERITO','person - dividido','field5',8,48,42,0,1,0,0,1,0,0,0,0,0,'','','',0,'string','','inputbox','50','255','','','','','Option Values','',0,'','','','',0,0,'*','*',0,0,'','','','','','','','','',0,'',0,'','','','','VARCHAR','45','NULL',0,'2017-10-29 11:05:13',1,'','2017-10-29 11:05:13',1,1,'2017-10-29 11:05:13',1,5),
(352,'ESPECIALIDAD','','field6',8,48,42,0,38,0,0,1,0,0,0,0,0,'','','',0,'string','','inputbox','50','255','','','','','Option Values','',0,'','','','',0,0,'*','*',0,0,'','','','','','','','','',0,'',0,'','','','','VARCHAR','45','NULL',1,'2017-10-29 11:05:13',1,'','2017-10-29 11:05:13',1,1,'2017-10-29 11:05:13',1,6),
(353,'FECHA DEL AUTO DE DESIGNACIÓN','','field7',8,48,42,0,5,0,0,1,0,0,0,0,0,'','','',0,'string','','inputbox','50','255','','','','','Option Values','',0,'','','','',0,0,'*','*',0,0,'','','','','','','','','',0,'',0,'','','','','VARCHAR','45','NULL',1,'2017-10-29 11:05:13',1,'','2017-10-29 11:05:13',1,1,'2017-10-29 11:05:13',1,7),
(354,'FECHA DE NOTIFICACIÓN DEL AUTO DE DESIGNACIÓN','','field8',8,48,42,0,5,0,0,1,0,0,0,0,0,'','','',0,'string','','inputbox','50','255','','','','','Option Values','',0,'','','','',0,0,'*','*',0,0,'','','','','','','','','',0,'',0,'','','','','VARCHAR','45','NULL',1,'2017-10-29 11:05:13',1,'','2017-10-29 11:05:13',1,1,'2017-10-29 11:05:13',1,8),
(355,'FECHA DE ACEPTACIÓN','','field9',8,48,42,0,5,0,0,1,0,0,0,0,0,'','','',0,'string','','inputbox','50','255','','','','','Option Values','',0,'','','','',0,0,'*','*',0,0,'','','','','','','','','',0,'',0,'','','','','VARCHAR','45','NULL',1,'2017-10-29 11:05:13',1,'','2017-10-29 11:05:13',1,1,'2017-10-29 11:05:13',1,9),
(356,'FECHA EN QUE RINDE EL DICTAMEN','','field10',8,48,42,0,5,0,0,1,0,0,0,0,0,'','','',0,'string','','inputbox','50','255','','','','','Option Values','',0,'','','','',0,0,'*','*',0,0,'','','','','','','','','',0,'',0,'','','','','VARCHAR','45','NULL',1,'2017-10-29 11:05:13',1,'','2017-10-29 11:05:13',1,1,'2017-10-29 11:05:13',1,10),
(357,'OBSERVACIONES','','field11',8,48,42,0,4,0,0,1,0,0,0,0,0,'','','',0,'string','','inputbox','50','255','','','','','Option Values','',0,'','','','',0,0,'*','*',0,0,'','','','','','','','','',0,'',0,'','','','','VARCHAR','45','NULL',1,'2017-10-29 11:05:13',1,'','2017-10-29 11:05:13',1,1,'2017-10-29 11:05:13',1,11),
(358,'TIPO DE AMPARO','','field1',8,50,44,0,1,0,0,1,0,0,0,0,0,'','','',0,'string','','inputbox','50','255','','','','','Option Values','',0,'','','','',0,0,'*','*',0,0,'','','','','','','','','',0,'',0,'','','','','VARCHAR','45','NULL',1,'2017-10-29 11:05:13',1,'','2017-10-29 11:05:13',1,1,'2017-10-29 11:05:13',1,1),
(359,'QUEJOSO','person - dividido','field6',8,50,44,0,1,0,0,1,0,0,0,0,0,'','','',0,'string','','inputbox','50','255','','','','','Option Values','',0,'','','','',0,0,'*','*',0,0,'','','','','','','','','',0,'',0,'','','','','VARCHAR','45','NULL',0,'2017-10-29 11:05:13',1,'','2017-10-29 11:05:13',1,1,'2017-10-29 11:05:13',1,6),
(360,'ÓRGANO DE PROCEDENCIA','','field7',8,50,44,0,38,0,0,1,0,0,0,0,0,'','','',0,'string','','inputbox','50','255','','','','','Option Values','',0,'','','','',0,0,'*','*',0,0,'','','','','','','','','',0,'',0,'','','','','VARCHAR','45','NULL',1,'2017-10-29 11:05:13',1,'','2017-10-29 11:05:13',1,1,'2017-10-29 11:05:13',1,7),
(361,'No. DE AMPARO','','field8',8,50,44,0,1,0,0,1,0,0,0,0,0,'','','',0,'string','','inputbox','50','255','','','','','Option Values','',0,'','','','',0,0,'*','*',0,0,'','','','','','','','','',0,'',0,'','','','','VARCHAR','45','NULL',1,'2017-10-29 11:05:13',1,'','2017-10-29 11:05:13',1,1,'2017-10-29 11:05:13',1,8),
(362,'FECHA DE INGRESO','','field11',8,50,44,0,5,0,0,1,0,0,0,0,0,'','','',0,'string','','inputbox','50','255','','','','','Option Values','',0,'','','','',0,0,'*','*',0,0,'','','','','','','','','',0,'',0,'','','','','VARCHAR','45','NULL',1,'2017-10-29 11:05:13',1,'','2017-10-29 11:05:13',1,1,'2017-10-29 11:05:13',1,11),
(363,'INFORME SOLICITADO','','field12',8,50,44,0,38,0,0,1,0,0,0,0,0,'','','',0,'string','','inputbox','50','255','','','','','Option Values','',0,'','','','',0,0,'*','*',0,0,'','','','','','','','','',0,'',0,'','','','','VARCHAR','45','NULL',1,'2017-10-29 11:05:13',1,'','2017-10-29 11:05:13',1,1,'2017-10-29 11:05:13',1,12),
(364,'FECHA DE ENVÍO DEL INFORME','','field13',8,50,44,0,5,0,0,1,0,0,0,0,0,'','','',0,'string','','inputbox','50','255','','','','','Option Values','',0,'','','','',0,0,'*','*',0,0,'','','','','','','','','',0,'',0,'','','','','VARCHAR','45','NULL',1,'2017-10-29 11:05:13',1,'','2017-10-29 11:05:13',1,1,'2017-10-29 11:05:13',1,13),
(365,'SENTIDO DE LA RESOLUCIÓN DE AMPARO','','field14',8,50,44,0,1,0,0,1,0,0,0,0,0,'','','',0,'string','','inputbox','50','255','','','','','Option Values','',0,'','','','',0,0,'*','*',0,0,'','','','','','','','','',0,'',0,'','','','','VARCHAR','45','NULL',1,'2017-10-29 11:05:13',1,'','2017-10-29 11:05:13',1,1,'2017-10-29 11:05:13',1,14),
(366,'CUMPLIMIENTO','','field15',8,50,44,0,16,0,0,1,0,0,0,0,0,'','','',0,'string','','inputbox','50','255','','','','','Option Values','',0,'','','','',0,0,'*','*',0,0,'','','','','','','','','',0,'',0,'','','','','VARCHAR','45','NULL',1,'2017-10-29 11:05:13',1,'','2017-10-29 11:05:13',1,1,'2017-10-29 11:05:13',1,15),
(367,'OBSERVACIONES','','field16',8,50,44,0,4,0,0,1,0,0,0,0,0,'','','',0,'string','','inputbox','50','255','','','','','Option Values','',0,'','','','',0,0,'*','*',0,0,'','','','','','','','','',0,'',0,'','','','','VARCHAR','45','NULL',1,'2017-10-29 11:05:13',1,'','2017-10-29 11:05:13',1,1,'2017-10-29 11:05:13',1,16),
(368,'GARANTE','person - dividido','field2',8,51,45,0,1,0,0,1,0,0,0,0,0,'','','',0,'string','','inputbox','50','255','','','','','Option Values','',0,'','','','',0,0,'*','*',0,0,'','','','','','','','','',0,'',0,'','','','','VARCHAR','45','NULL',0,'2017-10-29 11:05:13',1,'','2017-10-29 11:05:13',1,1,'2017-10-29 11:05:13',1,2),
(369,'FECHA EN QUE SE RECIBE LA PÓLIZA DE FIANZA','','field4',8,51,45,0,5,0,0,1,0,0,0,0,0,'','','',0,'string','','inputbox','50','255','','','','','Option Values','',0,'','','','',0,0,'*','*',0,0,'','','','','','','','','',0,'',0,'','','','','VARCHAR','45','NULL',1,'2017-10-29 11:05:13',1,'','2017-10-29 11:05:13',1,1,'2017-10-29 11:05:13',1,4),
(370,'NOMBRE DE LA AFIANZADORA','','field5',8,51,45,0,1,0,0,1,0,0,0,0,0,'','','',0,'string','','inputbox','50','255','','','','','Option Values','',0,'','','','',0,0,'*','*',0,0,'','','','','','','','','',0,'',0,'','','','','VARCHAR','45','NULL',1,'2017-10-29 11:05:13',1,'','2017-10-29 11:05:13',1,1,'2017-10-29 11:05:13',1,5),
(371,'MONTO DE LA PÓLIZA DE FIANZA','','field6',8,51,45,0,37,0,0,1,0,0,0,0,0,'','','',0,'string','','inputbox','50','255','','','','','Option Values','',0,'','','','',0,0,'*','*',0,0,'','','','','','','','','',0,'',0,'','','','','VARCHAR','45','NULL',1,'2017-10-29 11:05:13',1,'','2017-10-29 11:05:13',1,1,'2017-10-29 11:05:13',1,6),
(372,'SI SE HACE EFECTIVA LA GARANTÍA, ANOTAR EL MOTIVO POR EL CUAL SE HIZO EFECTIVA','','field7',8,51,45,0,37,0,0,1,0,0,0,0,0,'','','',0,'string','','inputbox','50','255','','','','','Option Values','',0,'','','','',0,0,'*','*',0,0,'','','','','','','','','',0,'',0,'','','','','VARCHAR','45','NULL',1,'2017-10-29 11:05:13',1,'','2017-10-29 11:05:13',1,1,'2017-10-29 11:05:13',1,7),
(373,'OBSERVACIONES','','field8',8,51,45,0,4,0,0,1,0,0,0,0,0,'','','',0,'string','','inputbox','50','255','','','','','Option Values','',0,'','','','',0,0,'*','*',0,0,'','','','','','','','','',0,'',0,'','','','','VARCHAR','45','NULL',1,'2017-10-29 11:05:13',1,'','2017-10-29 11:05:13',1,1,'2017-10-29 11:05:13',1,8),
(374,'FECHA DE LA RESOLUCIÓN QUE LA DECRETA','','field4',8,52,46,0,5,0,0,1,0,0,0,0,0,'','','',0,'string','','inputbox','50','255','','','','','Option Values','',0,'','','','',0,0,'*','*',0,0,'','','','','','','','','',0,'',0,'','','','','VARCHAR','45','NULL',1,'2017-10-29 11:05:13',1,'','2017-10-29 11:05:13',1,1,'2017-10-29 11:05:13',1,4),
(375,'NOMBRE DE LA PERSONA A QUIEN SE LE IMPUSO','person - dividido','field5',8,52,46,0,1,0,0,1,0,0,0,0,0,'','','',0,'string','','inputbox','50','255','','','','','Option Values','',0,'','','','',0,0,'*','*',0,0,'','','','','','','','','',0,'',0,'','','','','VARCHAR','45','NULL',0,'2017-10-29 11:05:13',1,'','2017-10-29 11:05:13',1,1,'2017-10-29 11:05:13',1,5),
(376,'No. DEL DOCUMENTO EN EL QUE SE COMUNICA LA SANCIÓN','','field6',8,52,46,0,1,0,0,1,0,0,0,0,0,'','','',0,'string','','inputbox','50','255','','','','','Option Values','',0,'','','','',0,0,'*','*',0,0,'','','','','','','','','',0,'',0,'','','','','VARCHAR','45','NULL',1,'2017-10-29 11:05:13',1,'','2017-10-29 11:05:13',1,1,'2017-10-29 11:05:13',1,6),
(377,'FECHA DEL DOCUMENTO EN EL QUE SE COMUNICA LA SANCIÓN','','field7',8,52,46,0,5,0,0,1,0,0,0,0,0,'','','',0,'string','','inputbox','50','255','','','','','Option Values','',0,'','','','',0,0,'*','*',0,0,'','','','','','','','','',0,'',0,'','','','','VARCHAR','45','NULL',1,'2017-10-29 11:05:13',1,'','2017-10-29 11:05:13',1,1,'2017-10-29 11:05:13',1,7),
(378,'MONTO DE LA MULTA','','field8',8,52,46,0,37,0,0,1,0,0,0,0,0,'','','',0,'string','','inputbox','50','255','','','','','Option Values','',0,'','','','',0,0,'*','*',0,0,'','','','','','','','','',0,'',0,'','','','','VARCHAR','45','NULL',1,'2017-10-29 11:05:13',1,'','2017-10-29 11:05:13',1,1,'2017-10-29 11:05:13',1,8),
(379,'FECHA DE ENTREGA DEL DOCUMENTO A LA AUTORIDAD','','field9',8,52,46,0,5,0,0,1,0,0,0,0,0,'','','',0,'string','','inputbox','50','255','','','','','Option Values','',0,'','','','',0,0,'*','*',0,0,'','','','','','','','','',0,'',0,'','','','','VARCHAR','45','NULL',1,'2017-10-29 11:05:13',1,'','2017-10-29 11:05:13',1,1,'2017-10-29 11:05:13',1,9),
(380,'OBSERVACIONES','','field12',8,52,46,0,4,0,0,1,0,0,0,0,0,'','','',0,'string','','inputbox','50','255','','','','','Option Values','',0,'','','','',0,0,'*','*',0,0,'','','','','','','','','',0,'',0,'','','','','VARCHAR','45','NULL',1,'2017-10-29 11:05:13',1,'','2017-10-29 11:05:13',1,1,'2017-10-29 11:05:13',1,12),
(381,'FECHA DEL AUTO EN QUE SE SEÑALA LA AUDIENCIA','','field5',8,53,47,0,5,0,0,1,0,0,0,0,0,'','','',0,'string','','inputbox','50','255','','','','','Option Values','',0,'','','','',0,0,'*','*',0,0,'','','','','','','','','',0,'',0,'','','','','VARCHAR','45','NULL',1,'2017-10-29 11:05:13',1,'','2017-10-29 11:05:13',1,1,'2017-10-29 11:05:13',1,5),
(382,'TIPO DE AUDIENCIA','','field6',8,53,47,0,1,0,0,1,0,0,0,0,0,'','','',0,'string','','inputbox','50','255','','','','','Option Values','',0,'','','','',0,0,'*','*',0,0,'','','','','','','','','',0,'',0,'','','','','VARCHAR','45','NULL',1,'2017-10-29 11:05:13',1,'','2017-10-29 11:05:13',1,1,'2017-10-29 11:05:13',1,6),
(383,'FECHA DE LA AUDIENCIA','FECHA Y HORA DE LA CELEBRACIÓN DE LA AUDIENCIA','faudiencia',8,53,47,0,36,0,0,1,0,0,0,0,0,'','','',0,'string','','inputbox','50','255','','','','','Option Values','',0,'','','','',0,0,'*','*',0,0,'','','','','','','','','',0,'',0,'','','','','VARCHAR','45','NULL',1,'2017-10-29 11:05:13',1,'','2017-10-29 11:05:13',1,1,'2017-10-29 11:05:13',1,6),
(384,'PRUEBAS A DESAHOGAR','','field7',8,53,47,0,4,0,0,1,0,0,0,0,0,'','','',0,'string','','inputbox','50','255','','','','','Option Values','',0,'','','','',0,0,'*','*',0,0,'','','','','','','','','',0,'',0,'','','','','VARCHAR','45','NULL',1,'2017-10-29 11:05:13',1,'','2017-10-29 11:05:13',1,1,'2017-10-29 11:05:13',1,7),
(385,'OBSERVACIONES','','field8',8,53,47,0,4,0,0,1,0,0,0,0,0,'','','',0,'string','','inputbox','50','255','','','','','Option Values','',0,'','','','',0,0,'*','*',0,0,'','','','','','','','','',0,'',0,'','','','','VARCHAR','45','NULL',1,'2017-10-29 11:05:13',1,'','2017-10-29 11:05:13',1,1,'2017-10-29 11:05:13',1,8),
(386,'NÚMERO DE FOJAS','','field5',8,54,48,0,22,0,0,1,0,0,0,0,0,'','','',0,'string','','inputbox','50','255','','','','','Option Values','',0,'','','','',0,0,'*','*',0,0,'','','','','','','','','',0,'',0,'','','','','VARCHAR','45','NULL',1,'2017-10-29 11:05:13',1,'','2017-10-29 11:05:13',1,1,'2017-10-29 11:05:13',1,5),
(387,'No. Y DESCRIPCIÓN DE LOS EXPEDIENTES','','field6',8,54,48,0,4,0,0,1,0,0,0,0,0,'','','',0,'string','','inputbox','50','255','','','','','Option Values','',0,'','','','',0,0,'*','*',0,0,'','','','','','','','','',0,'',0,'','','','','VARCHAR','45','NULL',1,'2017-10-29 11:05:13',1,'','2017-10-29 11:05:13',1,1,'2017-10-29 11:05:13',1,6),
(388,'FECHA DEL AUTO DE REMISIÓN','','field7',8,54,48,0,5,0,0,1,0,0,0,0,0,'','','',0,'string','','inputbox','50','255','','','','','Option Values','',0,'','','','',0,0,'*','*',0,0,'','','','','','','','','',0,'',0,'','','','','VARCHAR','45','NULL',1,'2017-10-29 11:05:13',1,'','2017-10-29 11:05:13',1,1,'2017-10-29 11:05:13',1,7),
(389,'ESTADO PROCESAL','','field8',8,54,48,0,1,0,0,1,0,0,0,0,0,'','','',0,'string','','inputbox','50','255','','','','','Option Values','',0,'','','','',0,0,'*','*',0,0,'','','','','','','','','',0,'',0,'','','','','VARCHAR','45','NULL',1,'2017-10-29 11:05:13',1,'','2017-10-29 11:05:13',1,1,'2017-10-29 11:05:13',1,8),
(390,'FECHA DE RECEPCIÓN DEL ARCHIVO JUDICIAL','','field9',8,54,48,0,5,0,0,1,0,0,0,0,0,'','','',0,'string','','inputbox','50','255','','','','','Option Values','',0,'','','','',0,0,'*','*',0,0,'','','','','','','','','',0,'',0,'','','','','VARCHAR','45','NULL',1,'2017-10-29 11:05:13',1,'','2017-10-29 11:05:13',1,1,'2017-10-29 11:05:13',1,9),
(391,'FECHA DE DEVOLUCIÓN','','field11',8,54,48,0,5,0,0,1,0,0,0,0,0,'','','',0,'string','','inputbox','50','255','','','','','Option Values','',0,'','','','',0,0,'*','*',0,0,'','','','','','','','','',0,'',0,'','','','','VARCHAR','45','NULL',1,'2017-10-29 11:05:13',1,'','2017-10-29 11:05:13',1,1,'2017-10-29 11:05:13',1,11),
(392,'MOTIVO DE LA REMISIÓN AL ARCHIVO','','field15',8,54,48,0,38,0,0,1,0,0,0,0,0,'','','',0,'string','','inputbox','50','255','','','','','Option Values','',0,'','','','',0,0,'*','*',0,0,'','','','','','','','','',0,'',0,'','','','','VARCHAR','45','NULL',1,'2017-10-29 11:05:13',1,'','2017-10-29 11:05:13',1,1,'2017-10-29 11:05:13',1,15),
(393,'OBSERVACIONES','','field16',8,54,48,0,4,0,0,1,0,0,0,0,0,'','','',0,'string','','inputbox','50','255','','','','','Option Values','',0,'','','','',0,0,'*','*',0,0,'','','','','','','','','',0,'',0,'','','','','VARCHAR','45','NULL',1,'2017-10-29 11:05:13',1,'','2017-10-29 11:05:13',1,1,'2017-10-29 11:05:13',1,16),
(394,'FOJAS','','field5',8,55,49,0,22,0,0,1,0,0,0,0,0,'','','',0,'string','','inputbox','50','255','','','','','Option Values','',0,'','','','',0,0,'*','*',0,0,'','','','','','','','','',0,'',0,'','','','','VARCHAR','45','NULL',1,'2017-10-29 11:05:13',1,'','2017-10-29 11:05:13',1,1,'2017-10-29 11:05:13',1,5),
(395,'No. Y DESCRIPCIÓN DE DOCUMENTOS','','field6',8,55,49,0,4,0,0,1,0,0,0,0,0,'','','',0,'string','','inputbox','50','255','','','','','Option Values','',0,'','','','',0,0,'*','*',0,0,'','','','','','','','','',0,'',0,'','','','','VARCHAR','45','NULL',1,'2017-10-29 11:05:13',1,'','2017-10-29 11:05:13',1,1,'2017-10-29 11:05:13',1,6),
(396,'FECHA DEL AUTO DE REMISIÓN','','field7',8,55,49,0,5,0,0,1,0,0,0,0,0,'','','',0,'string','','inputbox','50','255','','','','','Option Values','',0,'','','','',0,0,'*','*',0,0,'','','','','','','','','',0,'',0,'','','','','VARCHAR','45','NULL',1,'2017-10-29 11:05:13',1,'','2017-10-29 11:05:13',1,1,'2017-10-29 11:05:13',1,7),
(397,'FECHA DE RECEPCIÓN DEL ARCHIVO JUDICIAL','','field9',8,55,49,0,5,0,0,1,0,0,0,0,0,'','','',0,'string','','inputbox','50','255','','','','','Option Values','',0,'','','','',0,0,'*','*',0,0,'','','','','','','','','',0,'',0,'','','','','VARCHAR','45','NULL',1,'2017-10-29 11:05:13',1,'','2017-10-29 11:05:13',1,1,'2017-10-29 11:05:13',1,9),
(398,'PERSONA QUE RECIBIÓ DEL ARCHIVO','person - dividido','field10',8,55,49,0,1,0,0,1,0,0,0,0,0,'','','',0,'string','','inputbox','50','255','','','','','Option Values','',0,'','','','',0,0,'*','*',0,0,'','','','','','','','','',0,'',0,'','','','','VARCHAR','45','NULL',0,'2017-10-29 11:05:13',1,'','2017-10-29 11:05:13',1,1,'2017-10-29 11:05:13',1,10),
(399,'FECHA DE DEVOLUCIÓN','','field11',8,55,49,0,5,0,0,1,0,0,0,0,0,'','','',0,'string','','inputbox','50','255','','','','','Option Values','',0,'','','','',0,0,'*','*',0,0,'','','','','','','','','',0,'',0,'','','','','VARCHAR','45','NULL',1,'2017-10-29 11:05:13',1,'','2017-10-29 11:05:13',1,1,'2017-10-29 11:05:13',1,11),
(400,'OBSERVACIONES','','field16',8,55,49,0,4,0,0,1,0,0,0,0,0,'','','',0,'string','','inputbox','50','255','','','','','Option Values','',0,'','','','',0,0,'*','*',0,0,'','','','','','','','','',0,'',0,'','','','','VARCHAR','45','NULL',1,'2017-10-29 11:05:13',1,'','2017-10-29 11:05:13',1,1,'2017-10-29 11:05:13',1,16),
(401,'NÚMERO DE FOJAS','','field5',8,56,50,0,22,0,0,1,0,0,0,0,0,'','','',0,'string','','inputbox','50','255','','','','','Option Values','',0,'','','','',0,0,'*','*',0,0,'','','','','','','','','',0,'',0,'','','','','VARCHAR','45','NULL',1,'2017-10-29 11:05:13',1,'','2017-10-29 11:05:13',1,1,'2017-10-29 11:05:13',1,5),
(402,'FECHA DEL AUTO DE REMISIÓN PARA ANÁLISIS DE COTECIAD','','field6',8,56,50,0,5,0,0,1,0,0,0,0,0,'','','',0,'string','','inputbox','50','255','','','','','Option Values','',0,'','','','',0,0,'*','*',0,0,'','','','','','','','','',0,'',0,'','','','','VARCHAR','45','NULL',1,'2017-10-29 11:05:13',1,'','2017-10-29 11:05:13',1,1,'2017-10-29 11:05:13',1,6),
(403,'FECHA DE RECEPCIÓN EN EL ARCHIVO JUDICIAL','','field7',8,56,50,0,5,0,0,1,0,0,0,0,0,'','','',0,'string','','inputbox','50','255','','','','','Option Values','',0,'','','','',0,0,'*','*',0,0,'','','','','','','','','',0,'',0,'','','','','VARCHAR','45','NULL',1,'2017-10-29 11:05:13',1,'','2017-10-29 11:05:13',1,1,'2017-10-29 11:05:13',1,7),
(404,'PERSONA QUE RECIBIÓ DEL ARCHIVO','person - dividido','field8',8,56,50,0,1,0,0,1,0,0,0,0,0,'','','',0,'string','','inputbox','50','255','','','','','Option Values','',0,'','','','',0,0,'*','*',0,0,'','','','','','','','','',0,'',0,'','','','','VARCHAR','45','NULL',0,'2017-10-29 11:05:13',1,'','2017-10-29 11:05:13',1,1,'2017-10-29 11:05:13',1,8),
(405,'OBSERVACIONES','','field12',8,56,50,0,4,0,0,1,0,0,0,0,0,'','','',0,'string','','inputbox','50','255','','','','','Option Values','',0,'','','','',0,0,'*','*',0,0,'','','','','','','','','',0,'',0,'','','','','VARCHAR','45','NULL',1,'2017-10-29 11:05:13',1,'','2017-10-29 11:05:13',1,1,'2017-10-29 11:05:13',1,12),
(406,'FECHA DE ENTRADA','','field5',8,57,51,0,5,0,0,1,0,0,0,0,0,'','','',0,'string','','inputbox','50','255','','','','','Option Values','',0,'','','','',0,0,'*','*',0,0,'','','','','','','','','',0,'',0,'','','','','VARCHAR','45','NULL',1,'2017-10-29 11:05:13',1,'','2017-10-29 11:05:13',1,1,'2017-10-29 11:05:13',1,5),
(407,'FECHA DEL AUTO DE VISTA','','field6',8,57,51,0,5,0,0,1,0,0,0,0,0,'','','',0,'string','','inputbox','50','255','','','','','Option Values','',0,'','','','',0,0,'*','*',0,0,'','','','','','','','','',0,'',0,'','','','','VARCHAR','45','NULL',1,'2017-10-29 11:05:13',1,'','2017-10-29 11:05:13',1,1,'2017-10-29 11:05:13',1,6),
(408,'ESTA DE ACUERDO?','','field7',8,57,51,0,16,0,0,1,0,0,0,0,0,'','','',0,'string','','inputbox','50','255','','','','','Option Values','',0,'','','','',0,0,'*','*',0,0,'','','','','','','','','',0,'',0,'','','','','VARCHAR','45','NULL',1,'2017-10-29 11:05:13',1,'','2017-10-29 11:05:13',1,1,'2017-10-29 11:05:13',1,7),
(409,'FECHA DEL ACUERDO DE DESAHOGO','','field8',8,57,51,0,5,0,0,1,0,0,0,0,0,'','','',0,'string','','inputbox','50','255','','','','','Option Values','',0,'','','','',0,0,'*','*',0,0,'','','','','','','','','',0,'',0,'','','','','VARCHAR','45','NULL',1,'2017-10-29 11:05:13',1,'','2017-10-29 11:05:13',1,1,'2017-10-29 11:05:13',1,8),
(410,'OBSERVACIONES','','field9',8,57,51,0,4,0,0,1,0,0,0,0,0,'','','',0,'string','','inputbox','50','255','','','','','Option Values','',0,'','','','',0,0,'*','*',0,0,'','','','','','','','','',0,'',0,'','','','','VARCHAR','45','NULL',1,'2017-10-29 11:05:13',1,'','2017-10-29 11:05:13',1,1,'2017-10-29 11:05:13',1,9),
(411,'FECHA DEL AUTO QUE ORDENA LA VISTA','','field5',8,58,52,0,5,0,0,1,0,0,0,0,0,'','','',0,'string','','inputbox','50','255','','','','','Option Values','',0,'','','','',0,0,'*','*',0,0,'','','','','','','','','',0,'',0,'','','','','VARCHAR','45','NULL',1,'2017-10-29 11:05:13',1,'','2017-10-29 11:05:13',1,1,'2017-10-29 11:05:13',1,5),
(412,'FECHA DE PUBLICACIÓN DE AUTO QUE ORDENA LA VISTA','','field6',8,58,52,0,5,0,0,1,0,0,0,0,0,'','','',0,'string','','inputbox','50','255','','','','','Option Values','',0,'','','','',0,0,'*','*',0,0,'','','','','','','','','',0,'',0,'','','','','VARCHAR','45','NULL',1,'2017-10-29 11:05:13',1,'','2017-10-29 11:05:13',1,1,'2017-10-29 11:05:13',1,6),
(413,'FECHA DE LA VISTA AL MP','','field7',8,58,52,0,5,0,0,1,0,0,0,0,0,'','','',0,'string','','inputbox','50','255','','','','','Option Values','',0,'','','','',0,0,'*','*',0,0,'','','','','','','','','',0,'',0,'','','','','VARCHAR','45','NULL',1,'2017-10-29 11:05:13',1,'','2017-10-29 11:05:13',1,1,'2017-10-29 11:05:13',1,7),
(414,'NOMBRE DEL MP','person - dividido','field8',8,58,52,0,1,0,0,1,0,0,0,0,0,'','','',0,'string','','inputbox','50','255','','','','','Option Values','',0,'','','','',0,0,'*','*',0,0,'','','','','','','','','',0,'',0,'','','','','VARCHAR','45','NULL',0,'2017-10-29 11:05:13',1,'','2017-10-29 11:05:13',1,1,'2017-10-29 11:05:13',1,8),
(415,'DEL MP','','field9',8,58,52,0,34,0,0,1,0,0,0,0,0,'','','',0,'string','','inputbox','50','255','','','','','Option Values','',0,'','','','',0,0,'*','*',0,0,'','','','','','','','','',0,'',0,'','','','','VARCHAR','45','NULL',1,'2017-10-29 11:05:13',1,'','2017-10-29 11:05:13',1,1,'2017-10-29 11:05:13',1,9),
(416,'FECHA DE DEVOLUCIÓN DEL MP','','field11',8,58,52,0,1,0,0,1,0,0,0,0,0,'','','',0,'string','','inputbox','50','255','','','','','Option Values','',0,'','','','',0,0,'*','*',0,0,'','','','','','','','','',0,'',0,'','','','','VARCHAR','45','NULL',1,'2017-10-29 11:05:13',1,'','2017-10-29 11:05:13',1,1,'2017-10-29 11:05:13',1,10),
(417,'OBSERVACIONES','','field10',8,58,52,0,4,0,0,1,0,0,0,0,0,'','','',0,'string','','inputbox','50','255','','','','','Option Values','',0,'','','','',0,0,'*','*',0,0,'','','','','','','','','',0,'',0,'','','','','VARCHAR','45','NULL',1,'2017-10-29 11:05:13',1,'','2017-10-29 11:05:13',1,1,'2017-10-29 11:05:13',1,11),
(524,'DE QUIEN RECIBE','','field7h',8,41,35,0,39,0,0,1,0,0,0,0,0,'','','',0,'string','','inputbox','50','255','','','','','Option Values','',0,'','','','',0,0,'*','*',0,0,'','','','','','','','','',0,'',0,'','','','','VARCHAR','45','NULL',1,'2017-10-29 11:05:13',1,'','2017-10-29 11:05:13',1,1,'2017-10-29 11:05:13',1,7),
(525,'DEL MP','','field9h',8,58,52,0,39,0,0,1,0,0,0,0,0,'','','',0,'string','','inputbox','50','255','','','','','Option Values','',0,'','','','',0,0,'*','*',0,0,'','','','','','','','','',0,'',0,'','','','','VARCHAR','45','NULL',1,'2017-10-29 11:05:13',1,'','2017-10-29 11:05:13',1,1,'2017-10-29 11:05:13',1,9),
(526,'BENEFICIARIO (a. paterno)','apellido paterno','field1_paterno',8,41,35,0,1,0,0,1,0,0,0,0,0,'','','',0,'string','','inputbox','50','255','','','','','Option Values','',0,'','','','',0,0,'*','*',0,0,'','','','','','','','','',0,'',0,'','','','','VARCHAR','255','NULL',1,'2017-10-29 11:05:13',1,'','2017-10-29 11:05:13',1,1,'2017-10-29 11:05:13',1,1),
(527,'GARANTE (a. paterno)','apellido paterno','field2_paterno',8,51,45,0,1,0,0,1,0,0,0,0,0,'','','',0,'string','','inputbox','50','255','','','','','Option Values','',0,'','','','',0,0,'*','*',0,0,'','','','','','','','','',0,'',0,'','','','','VARCHAR','255','NULL',1,'2017-10-29 11:05:13',1,'','2017-10-29 11:05:13',1,1,'2017-10-29 11:05:13',1,2),
(528,'NOMBRE DEL PERITO (a. paterno)','apellido paterno','field5_paterno',8,48,42,0,1,0,0,1,0,0,0,0,0,'','','',0,'string','','inputbox','50','255','','','','','Option Values','',0,'','','','',0,0,'*','*',0,0,'','','','','','','','','',0,'',0,'','','','','VARCHAR','255','NULL',1,'2017-10-29 11:05:13',1,'','2017-10-29 11:05:13',1,1,'2017-10-29 11:05:13',1,5),
(529,'NOMBRE DE LA PERSONA A QUIEN SE LE IMPUSO (a. paterno)','apellido paterno','field5_paterno',8,52,46,0,1,0,0,1,0,0,0,0,0,'','','',0,'string','','inputbox','50','255','','','','','Option Values','',0,'','','','',0,0,'*','*',0,0,'','','','','','','','','',0,'',0,'','','','','VARCHAR','255','NULL',1,'2017-10-29 11:05:13',1,'','2017-10-29 11:05:13',1,1,'2017-10-29 11:05:13',1,5),
(530,'QUEJOSO (a. paterno)','apellido paterno','field6_paterno',8,50,44,0,1,0,0,1,0,0,0,0,0,'','','',0,'string','','inputbox','50','255','','','','','Option Values','',0,'','','','',0,0,'*','*',0,0,'','','','','','','','','',0,'',0,'','','','','VARCHAR','255','NULL',1,'2017-10-29 11:05:13',1,'','2017-10-29 11:05:13',1,1,'2017-10-29 11:05:13',1,6),
(531,'NOMBRE DE QUIEN RECIBE (a. paterno)','apellido paterno','field6_paterno',8,41,35,0,1,0,0,1,0,0,0,0,0,'','','',0,'string','','inputbox','50','255','','','','','Option Values','',0,'','','','',0,0,'*','*',0,0,'','','','','','','','','',0,'',0,'','','','','VARCHAR','255','NULL',1,'2017-10-29 11:05:13',1,'','2017-10-29 11:05:13',1,1,'2017-10-29 11:05:13',1,6),
(532,'PERSONA QUE RECIBIÓ DEL ARCHIVO (a. paterno)','apellido paterno','field8_paterno',8,56,50,0,1,0,0,1,0,0,0,0,0,'','','',0,'string','','inputbox','50','255','','','','','Option Values','',0,'','','','',0,0,'*','*',0,0,'','','','','','','','','',0,'',0,'','','','','VARCHAR','255','NULL',1,'2017-10-29 11:05:13',1,'','2017-10-29 11:05:13',1,1,'2017-10-29 11:05:13',1,8),
(533,'NOMBRE DEL MP (a. paterno)','apellido paterno','field8_paterno',8,58,52,0,1,0,0,1,0,0,0,0,0,'','','',0,'string','','inputbox','50','255','','','','','Option Values','',0,'','','','',0,0,'*','*',0,0,'','','','','','','','','',0,'',0,'','','','','VARCHAR','255','NULL',1,'2017-10-29 11:05:13',1,'','2017-10-29 11:05:13',1,1,'2017-10-29 11:05:13',1,8),
(534,'PERSONA QUE RECIBIÓ DEL ARCHIVO (a. paterno)','apellido paterno','field10_paterno',8,55,49,0,1,0,0,1,0,0,0,0,0,'','','',0,'string','','inputbox','50','255','','','','','Option Values','',0,'','','','',0,0,'*','*',0,0,'','','','','','','','','',0,'',0,'','','','','VARCHAR','255','NULL',1,'2017-10-29 11:05:13',1,'','2017-10-29 11:05:13',1,1,'2017-10-29 11:05:13',1,10),
(535,'BENEFICIARIO (a. materno)','apellido materno','field1_materno',8,41,35,0,1,0,0,1,0,0,0,0,0,'','','',0,'string','','inputbox','50','255','','','','','Option Values','',0,'','','','',0,0,'*','*',0,0,'','','','','','','','','',0,'',0,'','','','','VARCHAR','45','NULL',1,'2017-10-29 11:05:13',1,'','2017-10-29 11:05:13',1,1,'2017-10-29 11:05:13',1,1),
(536,'GARANTE (a. materno)','apellido materno','field2_materno',8,51,45,0,1,0,0,1,0,0,0,0,0,'','','',0,'string','','inputbox','50','255','','','','','Option Values','',0,'','','','',0,0,'*','*',0,0,'','','','','','','','','',0,'',0,'','','','','VARCHAR','45','NULL',1,'2017-10-29 11:05:13',1,'','2017-10-29 11:05:13',1,1,'2017-10-29 11:05:13',1,2),
(537,'NOMBRE DEL PERITO (a. materno)','apellido materno','field5_materno',8,48,42,0,1,0,0,1,0,0,0,0,0,'','','',0,'string','','inputbox','50','255','','','','','Option Values','',0,'','','','',0,0,'*','*',0,0,'','','','','','','','','',0,'',0,'','','','','VARCHAR','45','NULL',1,'2017-10-29 11:05:13',1,'','2017-10-29 11:05:13',1,1,'2017-10-29 11:05:13',1,5),
(538,'NOMBRE DE LA PERSONA A QUIEN SE LE IMPUSO (a. materno)','apellido materno','field5_materno',8,52,46,0,1,0,0,1,0,0,0,0,0,'','','',0,'string','','inputbox','50','255','','','','','Option Values','',0,'','','','',0,0,'*','*',0,0,'','','','','','','','','',0,'',0,'','','','','VARCHAR','45','NULL',1,'2017-10-29 11:05:13',1,'','2017-10-29 11:05:13',1,1,'2017-10-29 11:05:13',1,5),
(539,'QUEJOSO (a. materno)','apellido materno','field6_materno',8,50,44,0,1,0,0,1,0,0,0,0,0,'','','',0,'string','','inputbox','50','255','','','','','Option Values','',0,'','','','',0,0,'*','*',0,0,'','','','','','','','','',0,'',0,'','','','','VARCHAR','45','NULL',1,'2017-10-29 11:05:13',1,'','2017-10-29 11:05:13',1,1,'2017-10-29 11:05:13',1,6),
(540,'NOMBRE DE QUIEN RECIBE (a. materno)','apellido materno','field6_materno',8,41,35,0,1,0,0,1,0,0,0,0,0,'','','',0,'string','','inputbox','50','255','','','','','Option Values','',0,'','','','',0,0,'*','*',0,0,'','','','','','','','','',0,'',0,'','','','','VARCHAR','45','NULL',1,'2017-10-29 11:05:13',1,'','2017-10-29 11:05:13',1,1,'2017-10-29 11:05:13',1,6),
(541,'PERSONA QUE RECIBIÓ DEL ARCHIVO (a. materno)','apellido materno','field8_materno',8,56,50,0,1,0,0,1,0,0,0,0,0,'','','',0,'string','','inputbox','50','255','','','','','Option Values','',0,'','','','',0,0,'*','*',0,0,'','','','','','','','','',0,'',0,'','','','','VARCHAR','45','NULL',1,'2017-10-29 11:05:13',1,'','2017-10-29 11:05:13',1,1,'2017-10-29 11:05:13',1,8),
(542,'NOMBRE DEL MP (a. materno)','apellido materno','field8_materno',8,58,52,0,1,0,0,1,0,0,0,0,0,'','','',0,'string','','inputbox','50','255','','','','','Option Values','',0,'','','','',0,0,'*','*',0,0,'','','','','','','','','',0,'',0,'','','','','VARCHAR','45','NULL',1,'2017-10-29 11:05:13',1,'','2017-10-29 11:05:13',1,1,'2017-10-29 11:05:13',1,8),
(543,'PERSONA QUE RECIBIÓ DEL ARCHIVO (a. materno)','apellido materno','field10_materno',8,55,49,0,1,0,0,1,0,0,0,0,0,'','','',0,'string','','inputbox','50','255','','','','','Option Values','',0,'','','','',0,0,'*','*',0,0,'','','','','','','','','',0,'',0,'','','','','VARCHAR','45','NULL',1,'2017-10-29 11:05:13',1,'','2017-10-29 11:05:13',1,1,'2017-10-29 11:05:13',1,10),
(544,'BENEFICIARIO (nombre)','nombre','field1_nombre',8,41,35,0,1,0,0,1,0,0,0,0,0,'','','',0,'string','','inputbox','50','255','','','','','Option Values','',0,'','','','',0,0,'*','*',0,0,'','','','','','','','','',0,'',0,'','','','','VARCHAR','45','NULL',1,'2017-10-29 11:05:13',1,'','2017-10-29 11:05:13',1,1,'2017-10-29 11:05:13',1,1),
(545,'GARANTE (nombre)','nombre','field2_nombre',8,51,45,0,1,0,0,1,0,0,0,0,0,'','','',0,'string','','inputbox','50','255','','','','','Option Values','',0,'','','','',0,0,'*','*',0,0,'','','','','','','','','',0,'',0,'','','','','VARCHAR','45','NULL',1,'2017-10-29 11:05:13',1,'','2017-10-29 11:05:13',1,1,'2017-10-29 11:05:13',1,2),
(546,'NOMBRE DEL PERITO (nombre)','nombre','field5_nombre',8,48,42,0,1,0,0,1,0,0,0,0,0,'','','',0,'string','','inputbox','50','255','','','','','Option Values','',0,'','','','',0,0,'*','*',0,0,'','','','','','','','','',0,'',0,'','','','','VARCHAR','45','NULL',1,'2017-10-29 11:05:13',1,'','2017-10-29 11:05:13',1,1,'2017-10-29 11:05:13',1,5),
(547,'NOMBRE DE LA PERSONA A QUIEN SE LE IMPUSO (nombre)','nombre','field5_nombre',8,52,46,0,1,0,0,1,0,0,0,0,0,'','','',0,'string','','inputbox','50','255','','','','','Option Values','',0,'','','','',0,0,'*','*',0,0,'','','','','','','','','',0,'',0,'','','','','VARCHAR','45','NULL',1,'2017-10-29 11:05:13',1,'','2017-10-29 11:05:13',1,1,'2017-10-29 11:05:13',1,5),
(548,'QUEJOSO (nombre)','nombre','field6_nombre',8,50,44,0,1,0,0,1,0,0,0,0,0,'','','',0,'string','','inputbox','50','255','','','','','Option Values','',0,'','','','',0,0,'*','*',0,0,'','','','','','','','','',0,'',0,'','','','','VARCHAR','45','NULL',1,'2017-10-29 11:05:13',1,'','2017-10-29 11:05:13',1,1,'2017-10-29 11:05:13',1,6),
(549,'NOMBRE DE QUIEN RECIBE (nombre)','nombre','field6_nombre',8,41,35,0,1,0,0,1,0,0,0,0,0,'','','',0,'string','','inputbox','50','255','','','','','Option Values','',0,'','','','',0,0,'*','*',0,0,'','','','','','','','','',0,'',0,'','','','','VARCHAR','45','NULL',1,'2017-10-29 11:05:13',1,'','2017-10-29 11:05:13',1,1,'2017-10-29 11:05:13',1,6),
(550,'PERSONA QUE RECIBIÓ DEL ARCHIVO (nombre)','nombre','field8_nombre',8,56,50,0,1,0,0,1,0,0,0,0,0,'','','',0,'string','','inputbox','50','255','','','','','Option Values','',0,'','','','',0,0,'*','*',0,0,'','','','','','','','','',0,'',0,'','','','','VARCHAR','45','NULL',1,'2017-10-29 11:05:13',1,'','2017-10-29 11:05:13',1,1,'2017-10-29 11:05:13',1,8),
(551,'NOMBRE DEL MP (nombre)','nombre','field8_nombre',8,58,52,0,1,0,0,1,0,0,0,0,0,'','','',0,'string','','inputbox','50','255','','','','','Option Values','',0,'','','','',0,0,'*','*',0,0,'','','','','','','','','',0,'',0,'','','','','VARCHAR','45','NULL',1,'2017-10-29 11:05:13',1,'','2017-10-29 11:05:13',1,1,'2017-10-29 11:05:13',1,8),
(552,'PERSONA QUE RECIBIÓ DEL ARCHIVO (nombre)','nombre','field10_nombre',8,55,49,0,1,0,0,1,0,0,0,0,0,'','','',0,'string','','inputbox','50','255','','','','','Option Values','',0,'','','','',0,0,'*','*',0,0,'','','','','','','','','',0,'',0,'','','','','VARCHAR','45','NULL',1,'2017-10-29 11:05:13',1,'','2017-10-29 11:05:13',1,1,'2017-10-29 11:05:13',1,10),
(553,'BENEFICIARIO (es Moral)','es Moral','field1_isMoral',8,41,35,0,16,0,0,1,0,0,0,0,0,'','','',0,'string','','inputbox','50','255','','','','','Option Values','',0,'','','','',0,0,'*','*',0,0,'','','','','','','','','',0,'',0,'','','','','VARCHAR','45','NULL',1,'2017-10-29 11:05:13',1,'','2017-10-29 11:05:13',1,1,'2017-10-29 11:05:13',1,1),
(554,'GARANTE (es Moral)','es Moral','field2_isMoral',8,51,45,0,16,0,0,1,0,0,0,0,0,'','','',0,'string','','inputbox','50','255','','','','','Option Values','',0,'','','','',0,0,'*','*',0,0,'','','','','','','','','',0,'',0,'','','','','VARCHAR','45','NULL',1,'2017-10-29 11:05:13',1,'','2017-10-29 11:05:13',1,1,'2017-10-29 11:05:13',1,2),
(555,'NOMBRE DEL PERITO (es Moral)','es Moral','field5_isMoral',8,48,42,0,16,0,0,1,0,0,0,0,0,'','','',0,'string','','inputbox','50','255','','','','','Option Values','',0,'','','','',0,0,'*','*',0,0,'','','','','','','','','',0,'',0,'','','','','VARCHAR','45','NULL',1,'2017-10-29 11:05:13',1,'','2017-10-29 11:05:13',1,1,'2017-10-29 11:05:13',1,5),
(556,'NOMBRE DE LA PERSONA A QUIEN SE LE IMPUSO (es Moral)','es Moral','field5_isMoral',8,52,46,0,16,0,0,1,0,0,0,0,0,'','','',0,'string','','inputbox','50','255','','','','','Option Values','',0,'','','','',0,0,'*','*',0,0,'','','','','','','','','',0,'',0,'','','','','VARCHAR','45','NULL',1,'2017-10-29 11:05:13',1,'','2017-10-29 11:05:13',1,1,'2017-10-29 11:05:13',1,5),
(557,'QUEJOSO (es Moral)','es Moral','field6_isMoral',8,50,44,0,16,0,0,1,0,0,0,0,0,'','','',0,'string','','inputbox','50','255','','','','','Option Values','',0,'','','','',0,0,'*','*',0,0,'','','','','','','','','',0,'',0,'','','','','VARCHAR','45','NULL',1,'2017-10-29 11:05:13',1,'','2017-10-29 11:05:13',1,1,'2017-10-29 11:05:13',1,6),
(558,'NOMBRE DE QUIEN RECIBE (es Moral)','es Moral','field6_isMoral',8,41,35,0,16,0,0,1,0,0,0,0,0,'','','',0,'string','','inputbox','50','255','','','','','Option Values','',0,'','','','',0,0,'*','*',0,0,'','','','','','','','','',0,'',0,'','','','','VARCHAR','45','NULL',1,'2017-10-29 11:05:13',1,'','2017-10-29 11:05:13',1,1,'2017-10-29 11:05:13',1,6),
(559,'PERSONA QUE RECIBIÓ DEL ARCHIVO (es Moral)','es Moral','field8_isMoral',8,56,50,0,16,0,0,1,0,0,0,0,0,'','','',0,'string','','inputbox','50','255','','','','','Option Values','',0,'','','','',0,0,'*','*',0,0,'','','','','','','','','',0,'',0,'','','','','VARCHAR','45','NULL',1,'2017-10-29 11:05:13',1,'','2017-10-29 11:05:13',1,1,'2017-10-29 11:05:13',1,8),
(560,'NOMBRE DEL MP (es Moral)','es Moral','field8_isMoral',8,58,52,0,16,0,0,1,0,0,0,0,0,'','','',0,'string','','inputbox','50','255','','','','','Option Values','',0,'','','','',0,0,'*','*',0,0,'','','','','','','','','',0,'',0,'','','','','VARCHAR','45','NULL',1,'2017-10-29 11:05:13',1,'','2017-10-29 11:05:13',1,1,'2017-10-29 11:05:13',1,8),
(561,'PERSONA QUE RECIBIÓ DEL ARCHIVO (es Moral)','es Moral','field10_isMoral',8,55,49,0,16,0,0,1,0,0,0,0,0,'','','',0,'string','','inputbox','50','255','','','','','Option Values','',0,'','','','',0,0,'*','*',0,0,'','','','','','','','','',0,'',0,'','','','','VARCHAR','45','NULL',1,'2017-10-29 11:05:13',1,'','2017-10-29 11:05:13',1,1,'2017-10-29 11:05:13',1,10);
/*!40000 ALTER TABLE `jos_componentarchitect_fields` ENABLE KEYS */;
UNLOCK TABLES;

--
-- Table structure for table `jos_componentarchitect_fieldsets`
--

DROP TABLE IF EXISTS `jos_componentarchitect_fieldsets`;
/*!40101 SET @saved_cs_client     = @@character_set_client */;
/*!40101 SET character_set_client = utf8 */;
CREATE TABLE `jos_componentarchitect_fieldsets` (
  `id` int(10) unsigned NOT NULL AUTO_INCREMENT,
  `name` varchar(255) NOT NULL DEFAULT '',
  `description` mediumtext NOT NULL,
  `code_name` varchar(50) NOT NULL DEFAULT '',
  `component_id` int(10) unsigned NOT NULL DEFAULT '0',
  `component_object_id` int(10) unsigned NOT NULL DEFAULT '0',
  `predefined_fieldset` tinyint(1) NOT NULL DEFAULT '0',
  `state` tinyint(1) NOT NULL DEFAULT '0',
  `created` datetime NOT NULL DEFAULT '0000-00-00 00:00:00',
  `created_by` int(10) unsigned NOT NULL DEFAULT '0',
  `created_by_alias` varchar(255) NOT NULL DEFAULT '',
  `modified` datetime NOT NULL DEFAULT '0000-00-00 00:00:00',
  `modified_by` int(10) unsigned NOT NULL DEFAULT '0',
  `checked_out` int(10) unsigned NOT NULL DEFAULT '0',
  `checked_out_time` datetime NOT NULL DEFAULT '0000-00-00 00:00:00',
  `version` int(10) unsigned NOT NULL DEFAULT '1',
  `ordering` int(11) NOT NULL DEFAULT '0',
  PRIMARY KEY (`id`),
  KEY `idx_checkout` (`checked_out`),
  KEY `idx_createdby` (`created_by`),
  KEY `idx_predefined_fieldset` (`predefined_fieldset`),
  KEY `idx_ordering` (`ordering`),
  KEY `idx_component_id` (`component_id`,`component_object_id`),
  KEY `idx_state` (`state`),
  CONSTRAINT `cafs_componentid` FOREIGN KEY (`component_id`) REFERENCES `jos_componentarchitect_components` (`id`) ON DELETE CASCADE ON UPDATE CASCADE,
  CONSTRAINT `cafs_createdby` FOREIGN KEY (`created_by`) REFERENCES `jos_users` (`id`) ON DELETE CASCADE ON UPDATE CASCADE
) ENGINE=InnoDB AUTO_INCREMENT=64 DEFAULT CHARSET=utf8;
/*!40101 SET character_set_client = @saved_cs_client */;

--
-- Dumping data for table `jos_componentarchitect_fieldsets`
--

LOCK TABLES `jos_componentarchitect_fieldsets` WRITE;
/*!40000 ALTER TABLE `jos_componentarchitect_fieldsets` DISABLE KEYS */;
INSERT INTO `jos_componentarchitect_fieldsets` VALUES (1,'jtl_ejemplo_fs','','jtlejemplofs',1,1,0,1,'2017-08-19 19:41:05',1,'','2017-10-29 23:00:35',1,0,'0000-00-00 00:00:00',2,1),
(2,'jtl_jc01_fs','','jtl_jc01_fs',1,2,0,1,'2017-08-19 19:41:05',1,'','2017-08-19 23:25:31',1,0,'0000-00-00 00:00:00',1,0),
(4,'ls01_fs','','ls01_fs',2,3,0,1,'2017-08-19 19:41:05',1,'','2017-08-19 23:25:31',1,0,'0000-00-00 00:00:00',1,0),
(5,'ls02_fs','','ls02_fs',2,4,0,1,'2017-08-19 19:41:05',1,'','2017-08-19 23:25:31',1,0,'0000-00-00 00:00:00',1,0),
(6,'ls03_fs','','ls03_fs',2,5,0,1,'2017-08-19 19:41:05',1,'','2017-08-19 23:25:31',1,0,'0000-00-00 00:00:00',1,0),
(7,'ls04_fs','','ls04_fs',2,6,0,1,'2017-08-19 19:41:05',1,'','2017-08-19 23:25:31',1,0,'0000-00-00 00:00:00',1,0),
(8,'ls05_fs','','ls05_fs',2,7,0,1,'2017-08-19 19:41:05',1,'','2017-08-19 23:25:31',1,0,'0000-00-00 00:00:00',1,0),
(9,'ls06_fs','','ls06_fs',2,8,0,1,'2017-08-19 19:41:05',1,'','2017-08-19 23:25:31',1,0,'0000-00-00 00:00:00',1,0),
(10,'ls07_fs','','ls07_fs',2,9,0,1,'2017-08-19 19:41:05',1,'','2017-08-19 23:25:31',1,0,'0000-00-00 00:00:00',1,0),
(11,'ls8_fs','','ls8_fs',2,10,0,1,'2017-08-19 19:41:05',1,'','2017-08-19 23:25:31',1,0,'0000-00-00 00:00:00',1,0),
(12,'ls9_fs','','ls9_fs',2,11,0,1,'2017-08-19 19:41:05',1,'','2017-08-19 23:25:31',1,0,'0000-00-00 00:00:00',1,0),
(13,'ls10_fs','','ls10_fs',2,12,0,1,'2017-08-19 19:41:05',1,'','2017-08-19 23:25:31',1,0,'0000-00-00 00:00:00',1,0),
(14,'ls11_fs','','ls11_fs',2,13,0,1,'2017-08-19 19:41:05',1,'','2017-08-19 23:25:31',1,0,'0000-00-00 00:00:00',1,0),
(15,'ls12_fs','','ls12_fs',2,14,0,1,'2017-08-19 19:41:05',1,'','2017-08-19 23:25:31',1,0,'0000-00-00 00:00:00',1,0),
(16,'ls13_fs','','ls13_fs',2,15,0,1,'2017-08-19 19:41:05',1,'','2017-08-19 23:25:31',1,0,'0000-00-00 00:00:00',1,0),
(17,'T384GeneralFS','','t384generalfs',1,19,0,1,'2017-08-30 16:25:43',1,'','2017-08-30 16:29:28',1,0,'0000-00-00 00:00:00',1,0),
(18,'T384 fs','','t384_fs',4,20,0,1,'2017-09-01 00:02:50',1,'','2017-09-01 00:03:31',1,1,'2017-09-01 00:03:31',1,0),
(19,'Catalogo General FS','','catalogo_general_fs',3,21,0,1,'2017-09-02 00:28:58',1,'','2017-09-02 00:29:23',1,1,'2017-10-16 23:23:00',1,0),
(20,'MateriaFS','','materiafs',5,22,0,1,'2017-09-04 23:50:31',1,'','2017-09-04 23:51:03',1,0,'0000-00-00 00:00:00',1,0),
(21,'Joomla! Parts','','joomla_parts',6,24,0,1,'2017-09-14 22:17:57',1,'','2017-09-14 22:48:20',1,0,'0000-00-00 00:00:00',1,1),
(22,'Joomla! Fields/Features','','joomla_fieldsfeatures',6,24,0,1,'2017-09-14 22:18:34',1,'','2017-09-14 22:48:20',1,0,'0000-00-00 00:00:00',1,2),
(23,'Field Specific Attributes','','field_specific_attributes',6,26,0,1,'2017-09-14 22:19:13',1,'','2017-09-14 22:20:33',1,0,'0000-00-00 00:00:00',1,2),
(24,'Field Type Specific Attributes','','field_type_specific_attributes',6,26,0,1,'2017-09-14 22:20:33',1,'','2017-09-14 22:21:15',1,0,'0000-00-00 00:00:00',1,1),
(25,'Field MySQL Settings','','field_mysql_settings',6,26,0,1,'2017-09-14 22:21:15',1,'','2017-09-14 22:22:04',1,0,'0000-00-00 00:00:00',1,0),
(26,'emptyFS','<p>Empty fieldset for the \"FieldSet Object\"</p>','emptyfs',6,25,0,1,'2017-09-14 22:24:49',1,'','2017-09-14 22:25:51',1,0,'0000-00-00 00:00:00',1,0),
(27,'emptyFS','<p>Empty fieldset for \"Field Types\"</p>','emptyfs',6,27,0,1,'2017-09-14 22:25:51',1,'','2017-09-14 22:26:55',1,0,'0000-00-00 00:00:00',1,0),
(28,'emptyFS','<p>Empty fieldset for \"Code Templates\"</p>','emptyfs',6,28,0,1,'2017-09-14 22:26:56',1,'','2017-09-14 22:27:32',1,0,'0000-00-00 00:00:00',1,0),
(29,'Joomla! Fields/Features','','joomla_fieldsfeatures',6,23,0,1,'2017-09-14 22:18:34',1,'','2017-09-14 22:44:39',1,0,'0000-00-00 00:00:00',1,1),
(30,'Joomla! Parts','','joomla_parts',6,23,0,1,'2017-09-14 22:17:57',1,'','2017-09-14 22:45:06',1,0,'0000-00-00 00:00:00',1,0),
(31,'ExpedienteFS','','expedientefs',1,29,0,1,'2017-09-19 05:20:33',1,'','2017-09-21 05:00:51',1,0,'0000-00-00 00:00:00',3,1),
(32,'FileUploadFS','','fileuploadfs',1,30,0,1,'2017-09-19 05:20:33',1,'','2017-09-22 16:47:53',1,0,'0000-00-00 00:00:00',5,0),
(33,'jc01_fs','','jc01_fs',8,2,0,1,'2017-08-19 19:39:21',1,'','2017-10-27 22:45:52',1,0,'0000-00-00 00:00:00',3,1),
(34,'jc02_fs','','jc02_fs',8,40,0,1,'2017-08-19 19:39:21',1,'','2017-10-27 22:45:52',1,0,'0000-00-00 00:00:00',3,1),
(35,'jc03_fs','','jc03_fs',8,41,0,1,'2017-08-19 19:39:21',1,'','2017-10-27 22:45:52',1,0,'0000-00-00 00:00:00',3,1),
(36,'jc04_fs','','jc04_fs',8,42,0,1,'2017-08-19 19:39:21',1,'','2017-10-27 22:45:52',1,0,'0000-00-00 00:00:00',3,1),
(37,'jc05_fs','','jc05_fs',8,43,0,1,'2017-08-19 19:39:21',1,'','2017-10-27 22:45:52',1,0,'0000-00-00 00:00:00',3,1),
(38,'jc06_fs','','jc06_fs',8,44,0,1,'2017-08-19 19:39:21',1,'','2017-10-27 22:45:52',1,0,'0000-00-00 00:00:00',3,1),
(39,'jc07_fs','','jc07_fs',8,45,0,1,'2017-08-19 19:39:21',1,'','2017-10-27 22:45:52',1,0,'0000-00-00 00:00:00',3,1),
(40,'jc08_fs','','jc08_fs',8,46,0,1,'2017-08-19 19:39:21',1,'','2017-10-27 22:45:52',1,0,'0000-00-00 00:00:00',3,1),
(41,'jc09_fs','','jc09_fs',8,47,0,1,'2017-08-19 19:39:21',1,'','2017-10-27 22:45:52',1,0,'0000-00-00 00:00:00',3,1),
(42,'jc10_fs','','jc10_fs',8,48,0,1,'2017-08-19 19:39:21',1,'','2017-10-27 22:45:52',1,0,'0000-00-00 00:00:00',3,1),
(43,'jc11_fs','','jc11_fs',8,49,0,1,'2017-08-19 19:39:21',1,'','2017-10-27 22:45:52',1,0,'0000-00-00 00:00:00',3,1),
(44,'jc12_fs','','jc12_fs',8,50,0,1,'2017-08-19 19:39:21',1,'','2017-10-27 22:45:52',1,0,'0000-00-00 00:00:00',3,1),
(45,'jc13_fs','','jc13_fs',8,51,0,1,'2017-08-19 19:39:21',1,'','2017-10-27 22:45:52',1,0,'0000-00-00 00:00:00',3,1),
(46,'jc14_fs','','jc14_fs',8,52,0,1,'2017-08-19 19:39:21',1,'','2017-10-27 22:45:52',1,0,'0000-00-00 00:00:00',3,1),
(47,'jc16_fs','','jc16_fs',8,53,0,1,'2017-08-19 19:39:21',1,'','2017-10-27 22:45:52',1,0,'0000-00-00 00:00:00',3,1),
(48,'jc17_fs','','jc17_fs',8,54,0,1,'2017-08-19 19:39:21',1,'','2017-10-27 22:45:52',1,0,'0000-00-00 00:00:00',3,1),
(49,'jc18_fs','','jc18_fs',8,55,0,1,'2017-08-19 19:39:21',1,'','2017-10-27 22:45:52',1,0,'0000-00-00 00:00:00',3,1),
(50,'jc19_fs','','jc19_fs',8,56,0,1,'2017-08-19 19:39:21',1,'','2017-10-27 22:45:52',1,0,'0000-00-00 00:00:00',3,1),
(51,'jc20_fs','','jc20_fs',8,57,0,1,'2017-08-19 19:39:21',1,'','2017-10-27 22:45:52',1,0,'0000-00-00 00:00:00',3,1),
(52,'jc21_fs','','jc21_fs',8,58,0,1,'2017-08-19 19:39:21',1,'','2017-10-27 22:45:52',1,0,'0000-00-00 00:00:00',3,1);
/*!40000 ALTER TABLE `jos_componentarchitect_fieldsets` ENABLE KEYS */;
UNLOCK TABLES;

--
-- Table structure for table `jos_componentarchitect_fieldtypes`
--

DROP TABLE IF EXISTS `jos_componentarchitect_fieldtypes`;
/*!40101 SET @saved_cs_client     = @@character_set_client */;
/*!40101 SET character_set_client = utf8 */;
CREATE TABLE `jos_componentarchitect_fieldtypes` (
  `id` int(10) unsigned NOT NULL AUTO_INCREMENT,
  `name` varchar(255) NOT NULL DEFAULT '',
  `description` mediumtext NOT NULL,
  `code_name` varchar(50) NOT NULL DEFAULT '',
  `class` tinyint(1) NOT NULL DEFAULT '0',
  `size` tinyint(1) NOT NULL DEFAULT '0',
  `maxlength` tinyint(1) NOT NULL DEFAULT '0',
  `width` tinyint(1) NOT NULL DEFAULT '0',
  `height` tinyint(1) NOT NULL DEFAULT '0',
  `cols` tinyint(1) NOT NULL DEFAULT '0',
  `rows` tinyint(1) NOT NULL DEFAULT '0',
  `value_source` tinyint(1) NOT NULL DEFAULT '0',
  `option_values` tinyint(1) NOT NULL DEFAULT '0',
  `multiple` tinyint(1) NOT NULL DEFAULT '0',
  `format` tinyint(1) NOT NULL DEFAULT '0',
  `first` tinyint(1) NOT NULL DEFAULT '0',
  `last` tinyint(1) NOT NULL DEFAULT '0',
  `step` tinyint(1) NOT NULL DEFAULT '0',
  `hide_none` tinyint(1) NOT NULL DEFAULT '0',
  `hide_default` tinyint(1) NOT NULL DEFAULT '0',
  `buttons` tinyint(1) NOT NULL DEFAULT '0',
  `hide_buttons` tinyint(1) NOT NULL DEFAULT '0',
  `foreign_object_id` tinyint(1) NOT NULL DEFAULT '0',
  `cascade_object` tinyint(1) NOT NULL DEFAULT '0',
  `field_filter` tinyint(1) NOT NULL DEFAULT '0',
  `max_file_size` tinyint(1) NOT NULL DEFAULT '0',
  `exclude_files` tinyint(1) NOT NULL DEFAULT '0',
  `accept_file_types` tinyint(1) NOT NULL DEFAULT '0',
  `directory` tinyint(1) NOT NULL DEFAULT '0',
  `link` tinyint(1) NOT NULL DEFAULT '0',
  `sql_query` tinyint(1) NOT NULL DEFAULT '0',
  `sql_key_field` tinyint(1) NOT NULL DEFAULT '0',
  `sql_value_field` tinyint(1) NOT NULL DEFAULT '0',
  `translate` tinyint(1) NOT NULL DEFAULT '0',
  `client` tinyint(1) NOT NULL DEFAULT '0',
  `stripext` tinyint(1) NOT NULL DEFAULT '0',
  `preview` tinyint(1) NOT NULL DEFAULT '0',
  `autocomplete` tinyint(1) NOT NULL DEFAULT '0',
  `onclick` tinyint(1) NOT NULL DEFAULT '0',
  `onchange` tinyint(1) NOT NULL DEFAULT '0',
  `default_default` varchar(50) NOT NULL DEFAULT '',
  `class_default` varchar(50) NOT NULL DEFAULT '',
  `maxlength_default` varchar(5) NOT NULL DEFAULT '',
  `size_default` varchar(5) NOT NULL DEFAULT '',
  `allowed_input_default` varchar(100) NOT NULL DEFAULT '',
  `format_default` varchar(25) NOT NULL DEFAULT '',
  `php_variable_type` varchar(10) NOT NULL DEFAULT 'string',
  `cols_default` varchar(5) NOT NULL DEFAULT '',
  `rows_default` varchar(5) NOT NULL DEFAULT '',
  `width_default` varchar(5) NOT NULL DEFAULT '',
  `height_default` varchar(5) NOT NULL DEFAULT '',
  `buttons_default` varchar(50) NOT NULL DEFAULT '',
  `hide_buttons_default` varchar(50) NOT NULL DEFAULT '',
  `validation_type_default` varchar(15) NOT NULL DEFAULT '',
  `field_filter_default` varchar(15) NOT NULL DEFAULT '',
  `max_file_size_default` varchar(10) NOT NULL DEFAULT '',
  `exclude_files_default` varchar(100) NOT NULL DEFAULT '',
  `directory_default` varchar(255) NOT NULL DEFAULT '',
  `accept_file_types_default` varchar(100) NOT NULL DEFAULT '',
  `mysql_datatype_default` varchar(15) NOT NULL DEFAULT '',
  `mysql_size_default` varchar(5) NOT NULL DEFAULT '',
  `mysql_default_default` varchar(50) NOT NULL DEFAULT '',
  `catid` int(10) unsigned NOT NULL DEFAULT '0',
  `state` tinyint(1) NOT NULL DEFAULT '0',
  `created` datetime NOT NULL DEFAULT '0000-00-00 00:00:00',
  `created_by` int(10) unsigned NOT NULL DEFAULT '0',
  `created_by_alias` varchar(255) NOT NULL DEFAULT '',
  `modified` datetime NOT NULL DEFAULT '0000-00-00 00:00:00',
  `modified_by` int(10) unsigned NOT NULL DEFAULT '0',
  `checked_out` int(10) unsigned NOT NULL DEFAULT '0',
  `checked_out_time` datetime NOT NULL DEFAULT '0000-00-00 00:00:00',
  `version` int(10) unsigned NOT NULL DEFAULT '1',
  `ordering` int(11) NOT NULL DEFAULT '0',
  PRIMARY KEY (`id`),
  KEY `idx_checkout` (`checked_out`),
  KEY `idx_createdby` (`created_by`),
  KEY `idx_catid` (`catid`),
  KEY `idx_ordering` (`ordering`),
  KEY `idx_state` (`state`),
  CONSTRAINT `caft_catid` FOREIGN KEY (`catid`) REFERENCES `jos_categories` (`id`) ON DELETE CASCADE ON UPDATE CASCADE,
  CONSTRAINT `caft_createdby` FOREIGN KEY (`created_by`) REFERENCES `jos_users` (`id`) ON DELETE CASCADE ON UPDATE CASCADE
) ENGINE=InnoDB AUTO_INCREMENT=40 DEFAULT CHARSET=utf8;
/*!40101 SET character_set_client = @saved_cs_client */;

--
-- Dumping data for table `jos_componentarchitect_fieldtypes`
--

LOCK TABLES `jos_componentarchitect_fieldtypes` WRITE;
/*!40000 ALTER TABLE `jos_componentarchitect_fieldtypes` DISABLE KEYS */;
INSERT INTO `jos_componentarchitect_fieldtypes` VALUES (1,'Text','<p>This is the field type for a standard Joomla! Text field.</p>','text',1,1,1,0,0,0,0,0,0,0,1,0,0,0,0,0,0,0,0,0,1,0,0,0,0,0,0,0,0,0,0,0,0,0,0,1,'','inputbox','255','50','','','string','','','','','','','','','','','','','VARCHAR','255','\'\'',80,1,'2017-08-04 19:38:55',1,'','2017-08-04 19:38:55',1,0,'0000-00-00 00:00:00',1,1),
(2,'Hidden','<p>This is the field type for a standard Joomla! Hidden field. The attribute \'hidden\' and class of \'hidden\' is automatically used by Joomla! for a field of type \'hidden\'</p>sin valor por defecto, requiere de otros elementos para modificarse','hidden',1,0,0,0,0,0,0,0,0,0,0,0,0,0,0,0,0,0,0,0,0,0,0,0,0,0,0,0,0,0,0,0,0,0,0,1,'','inputbox','','','','','string','','','','','','','','','','','','','VARCHAR','255','',80,1,'2017-08-04 19:38:55',1,'','2017-08-04 19:38:55',1,0,'0000-00-00 00:00:00',1,1),
(3,'Text Area','<p>This is the field type for a standard Text Area field.</p>','textarea',1,0,0,0,0,1,1,0,0,0,0,0,0,0,0,0,0,0,0,0,1,0,0,0,0,0,0,0,0,0,0,0,0,0,0,1,'','inputbox','','','','','string','50','5','','','','','','safehtml','','','','','MEDIUMTEXT','','',80,1,'2017-08-04 19:38:55',1,'','2017-08-04 19:38:55',1,0,'0000-00-00 00:00:00',1,1),
(4,'Editor','<p>This is the field type for a standard Joomla! Editor field. The editor field will be whatever editor is specified for the user.</p>','editor',0,0,0,1,1,1,1,0,0,0,0,0,0,0,0,0,1,1,0,0,0,0,0,0,0,0,0,0,0,0,0,0,0,0,0,0,'','inputbox','','','','','string','50','5','100%','250','','','','safe_editor','','','','','TEXT','','',80,1,'2017-08-04 19:38:55',1,'','2017-08-04 19:38:55',1,0,'0000-00-00 00:00:00',1,1),
(5,'Calendar','<p>This is the field type for a standard Joomla! Calendar field.</p>\r\n<p>validate = 1<br /> validation_type = custom<br /> allowed_input = ^(\\d{4})-(\\d{2})-(\\d{2})$ [datetime ^(\\d{4})-(\\d{2})-(\\d{2}) (\\d{2}):(\\d{2}):(\\d{2})$]<br /> custom_error_message = FIELD NAME - date invalid<br /> php_variable_type = string<br /> format= %Y-%m-%d [datetime=%Y-%m-%d %H:%M]<br /> mysql_datatype = DATETIME</p>','calendar',1,1,1,0,0,0,0,0,0,0,1,0,0,0,0,0,0,0,0,0,1,0,0,0,0,0,0,0,0,0,0,0,0,0,0,1,'','inputbox','25','22','^(\\d{4})-(\\d{2})-(\\d{2}) (\\d{2}):(\\d{2}):(\\d{2})$','Y-m-d H:i:s','string','','','','','','','custom','user_utc','','','','','DATETIME','','\'0000-00-00 00:00:00\'',80,1,'2017-08-04 19:38:55',1,'','2017-09-21 23:51:49',1,0,'0000-00-00 00:00:00',3,1),
(6,'Color Picker','<p>This is the field type for a standard Joomla! Color picker field.</p>','color',1,1,0,0,0,0,0,0,0,0,0,0,0,0,0,0,0,0,0,0,0,0,0,0,0,0,0,0,0,0,0,0,0,0,0,1,'','inputbox','','15','','','string','','','','','','','color','','','','','','VARCHAR','255','\'\'',80,1,'2017-08-04 19:38:55',1,'','2017-08-04 19:38:55',1,0,'0000-00-00 00:00:00',1,1),
(7,'List','<p>This is the field type for a standard Joomla! List field.</p> - combo de opciones estáticas','list',1,1,0,0,0,0,0,1,1,1,0,0,0,0,0,0,0,0,0,0,0,0,0,0,0,0,0,0,0,0,0,0,0,0,1,1,'','inputbox','','1','','','string','','','','','','','','','','','','','VARCHAR','255','\'\'',80,1,'2017-08-04 19:38:55',1,'','2017-08-04 19:38:55',1,0,'0000-00-00 00:00:00',1,1),
(8,'Radio','<p>This is the field type for a standard Radio field.</p> se resetea, Notice: Array to string conversion in D:\\www\\htdocs\\JPruebas\\libraries\\joomla\\form\\fields\\radio.php on line 69','radio',1,0,0,0,0,0,0,1,1,1,0,0,0,0,0,0,0,0,0,0,0,0,0,0,0,0,0,0,0,0,0,0,0,0,1,0,'','btn-group','','','','','string','','','','','','','','','','','','','VARCHAR','255','\'\'',80,1,'2017-08-04 19:38:55',1,'','2017-08-04 19:38:55',1,0,'0000-00-00 00:00:00',1,1),
(9,'File','<p>This is the field type for a standard Joomla! File field.</p><p>Code to upload a file specified in a File field type is NOT included in any code templates provided with the free version of Ccomponent Architect. Any uploaded function must be manually coded in the generated compononent.</p>sube el archivo pero el campo de la tabla se queda en blanco','file',1,1,0,0,0,0,0,0,0,0,0,0,0,0,0,0,0,0,0,0,0,0,0,1,1,0,0,0,0,0,0,0,0,0,0,1,'','inputbox','','1','','','string','','','','','','','','','','','','','VARCHAR','255','\'\'',80,1,'2017-08-04 19:38:55',1,'','2017-08-04 19:38:55',1,0,'0000-00-00 00:00:00',1,1),
(10,'File List','<p>This is the field type for a standard Joomla! File List field.</p>','filelist',1,1,0,0,0,0,0,0,0,1,0,0,0,0,1,1,0,0,0,0,1,0,1,0,1,0,0,0,0,0,0,1,0,0,0,0,'','inputbox','','5','','','string','','','','','','','','','','','','','VARCHAR','255','\'\'',80,1,'2017-08-04 19:38:55',1,'','2017-08-04 19:38:55',1,0,'0000-00-00 00:00:00',1,1),
(11,'Folder List','<p>This is the field type for a standard Joomla! Folder List field.</p>','folderlist',1,1,0,0,0,0,0,0,0,1,0,0,0,0,1,1,0,0,0,0,1,0,1,0,1,0,0,0,0,0,0,0,0,0,0,0,'','inputbox','','5','','','string','','','','','','','','','','','','','VARCHAR','255','\'\'',80,1,'2017-08-04 19:38:55',1,'','2017-08-04 19:38:55',1,0,'0000-00-00 00:00:00',1,1),
(12,'Media','<p>This is the field type for a standard Media field.</p>','media',1,0,0,1,1,0,0,0,0,0,0,0,0,0,0,0,0,0,0,0,0,0,0,0,1,0,0,0,0,0,0,0,1,0,1,1,'','inputbox','','','','','string','','','100','50','','','','','','','','','VARCHAR','255','\'\'',80,1,'2017-08-04 19:38:55',1,'','2017-08-04 19:38:55',1,0,'0000-00-00 00:00:00',1,1),
(13,'Modal','<p>This is the field type for a standard Modal field. Requires the generation of a modal dialog for a field. The dialog must be pre-coded.</p>','modal',1,0,0,0,0,0,0,0,0,0,0,0,0,0,0,0,0,0,1,1,0,0,0,0,0,0,0,0,0,0,0,0,0,0,0,0,'0','modal','','','','','int','','','','','','','numeric','','','','','','INT','10','\'0\'',80,1,'2017-08-04 19:38:55',1,'','2017-08-04 19:38:55',1,0,'0000-00-00 00:00:00',1,1),
(14,'Image List','<p>This is the field type for a standard Joomla! Image List field.</p> no me apareció nada','imagelist',1,1,0,0,0,0,0,0,0,1,0,0,0,0,1,1,0,0,0,0,1,0,1,0,1,0,0,0,0,0,0,1,0,0,0,0,'','inputbox','','5','','','string','','','','','','','','','','','','','VARCHAR','255','\'\'',80,1,'2017-08-04 19:38:55',1,'','2017-08-04 19:38:55',1,0,'0000-00-00 00:00:00',1,1),
(15,'Category','<p>This is the field type for a standard Joomla! Category field.</p>no me apareció nada','category',1,0,0,0,0,0,0,0,0,0,0,0,0,0,0,0,0,0,0,0,0,0,0,0,0,0,0,0,0,0,0,0,0,0,0,0,'0','category','','1','','','int','','','','','','','','','','','','','INT','10','\'0\'',80,1,'2017-08-04 19:38:55',1,'','2017-08-04 19:38:55',1,0,'0000-00-00 00:00:00',1,1),
(16,'Checkbox','<p>This is the field type for a standard Joomla! Checkbox field.</p>','checkbox',1,0,0,0,0,0,0,0,0,0,0,0,0,0,0,0,0,0,0,0,0,0,0,0,0,0,0,0,0,0,0,0,0,0,1,0,'','inputbox','','','','','int','','','','','','','','','','','','','TINYINT','1','\'0\'',80,1,'2017-08-04 19:38:55',1,'','2017-08-04 19:38:55',1,0,'0000-00-00 00:00:00',1,1),
(17,'Checkboxes','<p>This is the field type for a standard Joomla! Checkboxes field.</p>','checkboxes',1,0,0,0,0,0,0,1,1,1,0,0,0,0,0,0,0,0,0,0,0,0,0,0,0,0,0,0,0,0,0,0,0,0,1,0,'','inputbox','','','','','string','','','','','','','','','','','','','VARCHAR','50','\'\'',80,1,'2017-08-04 19:38:55',1,'','2017-08-04 19:38:55',1,0,'0000-00-00 00:00:00',1,1),
(18,'SQL','<p>This is the field type for a standard SQL Query field.</p>','sql',1,1,0,0,0,0,0,0,0,1,0,0,0,0,0,0,0,0,0,0,0,0,0,0,0,0,1,1,1,1,0,0,0,0,1,1,'','inputbox','','1','','','string','','','','','','','','','','','','','VARCHAR','255','\'\'',80,1,'2017-08-04 19:38:55',1,'','2017-08-04 19:38:55',1,0,'0000-00-00 00:00:00',1,1),
(19,'User','<p>This is the field type for a standard User field.</p>','user',1,1,0,0,0,0,0,0,0,0,0,0,0,0,0,0,0,0,0,0,0,0,0,0,0,0,0,0,0,0,0,0,0,0,1,1,'0','inputbox','','1','','','int','','','','','','','','','','','','','INT','10','\'0\'',80,1,'2017-08-04 19:38:55',1,'','2017-08-04 19:38:55',1,0,'0000-00-00 00:00:00',1,1),
(20,'Registry','<p>This is JSON Registry field type in which other fields are contains</p> Un REGISTRY FIELD no se puede llamar params','registry',0,0,0,0,0,0,0,0,0,0,0,0,0,0,0,0,0,0,0,0,0,0,0,0,0,0,0,0,0,0,0,0,0,0,0,0,'','','','','','','string','','','','','','','','','','','','','VARCHAR','1024','\'\'',80,1,'2017-08-04 19:38:55',1,'','2017-08-04 19:38:55',1,1,'2017-09-13 22:37:14',1,1),
(21,'Grouped List','<p>This is the field type for a standard Joomla! Grouped List field.</p>','groupedlist',1,1,0,0,0,0,0,1,1,1,0,0,0,0,1,1,0,0,0,0,0,0,0,0,0,0,0,0,0,0,0,0,0,0,1,1,'','inputbox','','5','','','string','','','','','','','','','','','','','VARCHAR','255','\'\'',80,1,'2017-08-04 19:38:55',1,'','2017-08-04 19:38:55',1,0,'0000-00-00 00:00:00',1,1),
(22,'Integer','<p>This is the field type for a standard Joomla! Integer field.</p>','integer',1,1,0,0,0,0,0,0,0,0,0,1,1,1,0,0,0,0,0,0,0,0,0,0,0,0,0,0,0,0,0,0,0,0,1,1,'0','inputbox','','1','','','int','','','','','','','numeric','int','','','','','INT','10','\'0\'',80,1,'2017-08-04 19:38:55',1,'','2017-08-04 19:38:55',1,0,'0000-00-00 00:00:00',1,1),
(23,'User Group','<p>This is the field type for a standard Joomla! User Group field.</p>','usergroup',1,1,0,0,0,0,0,0,0,0,0,0,0,0,0,0,0,0,0,0,0,0,0,0,0,0,0,0,0,0,0,0,0,0,1,1,'0','inputbox','','1','','','int','','','','','','','','','','','','','INT','10','\'0\'',80,1,'2017-08-04 19:38:55',1,'','2017-08-04 19:38:55',1,0,'0000-00-00 00:00:00',1,1),
(24,'Web Address/URL','<p>This is the field type for a Joomla! web address/url field.</p>no valida','url',1,1,1,0,0,0,0,0,0,0,0,0,0,0,0,0,0,0,0,0,0,0,0,0,0,0,0,0,0,0,0,0,0,0,0,1,'','inputbox','','50','','','string','','','','','','','url','url','','','','','VARCHAR','255','\'\'',80,1,'2017-08-04 19:38:55',1,'','2017-08-04 19:38:55',1,0,'0000-00-00 00:00:00',1,1),
(25,'Access Level','<p>This is the field type for a standard Joomla! Access field.</p>','accesslevel',1,1,0,0,0,0,0,0,0,1,0,0,0,0,0,0,0,0,0,0,1,0,0,0,0,0,0,0,0,0,0,0,0,0,0,1,'','inputbox','','1','','','int','','','','','','','','','','','','','INT','10','\'0\'',80,1,'2017-08-04 19:38:55',1,'','2017-08-04 19:38:55',1,1,'2017-09-20 15:02:27',1,1),
(26,'Language','<p>This is the field type for a standard Joomla! Language field.</p>','contentlanguage',1,1,0,0,0,0,0,1,1,0,0,0,0,0,0,0,0,0,0,0,0,0,0,0,0,0,0,0,0,0,1,0,0,0,1,1,'','inputbox','','1','','','string','','','','','','','','','','','','','VARCHAR','7','',80,1,'2017-08-04 19:38:55',1,'','2017-08-04 19:38:55',1,0,'0000-00-00 00:00:00',1,1),
(27,'Time Zone','<p>This is the field type for a standard Joomla! Time Zone field.</p>','timezone',1,1,0,0,0,0,0,0,0,1,0,0,0,0,0,0,0,0,0,0,0,0,0,0,0,0,0,0,0,0,0,0,0,0,0,1,'','inputbox','','1','','','string','','','','','','','','','','','','','VARCHAR','50','\'\'',80,1,'2017-08-04 19:38:55',1,'','2017-08-04 19:38:55',1,0,'0000-00-00 00:00:00',1,1),
(28,'Password','<p>This is the field type for a standard Joomla! Password field.</p>','password',1,1,1,0,0,0,0,0,0,0,0,0,0,0,0,0,0,0,0,0,0,0,0,0,0,0,0,0,0,0,0,0,0,1,0,0,'','inputbox','','25','','','string','','','','','','','password','','','','','','VARCHAR','100','\'\'',80,1,'2017-08-04 19:38:55',1,'','2017-08-04 19:38:55',1,0,'0000-00-00 00:00:00',1,1),
(29,'Telephone','<p>This is the field type for a Joomla! telephone number field.</p>no valida bien, acepta punto decimal','tel',1,1,1,0,0,0,0,0,0,0,1,0,0,0,0,0,0,0,0,0,1,0,0,0,0,0,0,0,0,0,0,0,0,0,0,1,'','inputbox','50','25','','','string','','','','','','','tel','tel','','','','','VARCHAR','50','\'\'',80,1,'2017-08-04 19:38:55',1,'','2017-08-04 19:38:55',1,0,'0000-00-00 00:00:00',1,1),
(30,'Combo','<p>This is the field type for a standard Joomla! Combo field.</p>','combo',0,0,0,0,0,0,0,1,1,0,0,0,0,0,0,0,0,0,0,0,0,0,0,0,0,0,0,0,0,0,0,0,0,0,0,1,'','','','','','','string','','','','','','','','','','','','','VARCHAR','255','\'\'',80,1,'2017-08-04 19:38:55',1,'','2017-08-04 19:38:55',1,0,'0000-00-00 00:00:00',1,1),
(31,'Email Address','<p>This is the field type for a standard Joomla! email address field.</p>','email',1,1,1,0,0,0,0,0,0,0,0,0,0,0,0,0,0,0,0,0,0,0,0,0,0,0,0,0,0,0,0,0,0,0,0,1,'','inputbox','255','50','','','string','','','','','','','email','','','','','','VARCHAR','255','\'\'',80,1,'2017-08-04 19:38:55',1,'','2017-08-04 19:38:55',1,0,'0000-00-00 00:00:00',1,1),
(32,'Tag','<p>This is the field type for a Component Architect Tag field. This utilises a standard joomla SQL field to access the tags table.</p>no me apareció nada','tag',1,0,0,0,0,0,0,0,0,1,0,0,0,0,0,0,0,0,0,0,0,0,0,0,0,0,0,0,0,0,0,0,0,0,0,0,'0','inputbox','1','','','','string','','','','','','','','','','','','','VARCHAR','2048','',80,1,'2017-08-04 19:38:55',1,'','2017-08-04 19:38:55',1,0,'0000-00-00 00:00:00',1,1),
(33,'ExpedienteModal','<p>Selector de expedientes, basado en el fieldType = modal, falta agregar CONSTRAINT</p>','modal_expedientes',1,0,0,0,0,0,0,0,0,0,0,0,0,0,0,0,0,0,1,1,0,0,0,0,0,0,0,0,0,0,0,0,0,0,0,0,'0','modal','','','','','int','','','','','','','numeric','','','','','','INT','10','\'NULL\'',81,1,'2017-08-04 19:38:55',1,'','2017-10-19 01:50:30',1,1,'2017-10-19 01:56:37',2,1),
(34,'FirmaModal','<p>Selector de firmas faltaría su CONSTRAINT</p>','modal_firma',1,0,0,0,0,0,0,0,0,0,0,0,0,0,0,0,0,0,1,1,0,0,0,0,0,0,0,0,0,0,0,0,0,0,0,0,'0','modal','','','','','int','','','','','','','numeric','','','','','','INT','10','\'NULL\'',81,1,'2017-08-04 19:38:55',1,'','2017-10-19 02:00:22',1,0,'0000-00-00 00:00:00',2,1),
(35,'FirmaEmpleadoModal','<p>Selector de firmas, basado en el fieldType = modal, faltaría CONSTRAINT jt_uploadedfiles</p>','modal_firmaempleado',1,0,0,0,0,0,0,0,0,0,0,0,0,0,0,0,0,0,1,1,0,0,0,0,0,0,0,0,0,0,0,0,0,0,0,0,'0','modal','','','','','int','','','','','','','numeric','','','','','','INT','10','\'NULL\'',81,1,'2017-08-04 19:38:55',1,'','2017-10-19 01:58:59',1,0,'0000-00-00 00:00:00',2,1),
(36,'Calendar Clock','<p>This is the field type for a standard Joomla! Calendar field.</p>\r\n<p>validate = 1<br /> validation_type = custom<br /> allowed_input = ^(\\d{4})-(\\d{2})-(\\d{2})$ [datetime ^(\\d{4})-(\\d{2})-(\\d{2}) (\\d{2}):(\\d{2}):(\\d{2})$]<br /> custom_error_message = FIELD NAME - date invalid<br /> php_variable_type = string<br /> format= %Y-%m-%d [datetime=%Y-%m-%d %H:%M]<br /> mysql_datatype = DATETIME</p>','calendar_clock',1,1,1,0,0,0,0,0,0,0,1,0,0,0,0,0,0,0,0,0,1,0,0,0,0,0,0,0,0,0,0,0,0,0,0,1,'','inputbox','25','22','^(\\d{4})-(\\d{2})-(\\d{2}) (\\d{2}):(\\d{2}):(\\d{2})$','Y-m-d H:i:s','string','','','','','','','custom','user_utc','','','','','DATETIME','','\'0000-00-00 00:00:00\'',80,1,'2017-08-04 19:38:55',1,'','2017-09-21 23:51:49',1,1,'2017-10-19 00:38:17',3,1),
(37,'Currency','','currency',1,1,0,0,0,0,0,0,0,0,0,1,1,1,0,0,0,0,0,0,0,0,0,0,0,0,0,0,0,0,0,0,0,0,1,1,'0','inputbox','','1','','','float','','','','','','','numeric','int','','','','','DECIMAL','11,2','\'0\'',81,1,'2017-08-04 19:38:55',1,'','2017-10-19 00:52:46',1,0,'0000-00-00 00:00:00',3,1),
(38,'Combo SQL','<p>Faltaría CONSTRAINT</p>','combo_sql',0,0,0,0,0,0,0,0,0,0,0,0,0,0,0,0,0,0,0,0,0,0,0,0,0,0,1,1,1,0,0,0,0,0,0,1,'','inputbox','','1','','','int','','','','','','','','','','','','','INT','10','\'NULL\'',80,1,'2017-08-04 19:38:55',1,'','2017-10-19 01:58:32',1,0,'0000-00-00 00:00:00',3,1),
(39,'HuellaModal','<p>Selector de huellas, code_name+h, faltaría su CONSTRAINT</p>','modal_huella',1,0,0,0,0,0,0,0,0,0,0,0,0,0,0,0,0,0,1,1,0,0,0,0,0,0,0,0,0,0,0,0,0,0,0,0,'0','modal','','','','','int','','','','','','','numeric','','','','','','INT','10','\'NULL\'',81,1,'2017-08-04 19:38:55',1,'','2017-10-19 02:00:22',1,0,'0000-00-00 00:00:00',2,1);
/*!40000 ALTER TABLE `jos_componentarchitect_fieldtypes` ENABLE KEYS */;
UNLOCK TABLES;

--
-- Table structure for table `jos_componentarchitect_sessiondata`
--

DROP TABLE IF EXISTS `jos_componentarchitect_sessiondata`;
/*!40101 SET @saved_cs_client     = @@character_set_client */;
/*!40101 SET character_set_client = utf8 */;
CREATE TABLE `jos_componentarchitect_sessiondata` (
  `id` int(10) unsigned NOT NULL AUTO_INCREMENT,
  `context` varchar(50) NOT NULL DEFAULT '',
  `key` varchar(50) NOT NULL DEFAULT '',
  `data` mediumtext,
  `created` datetime NOT NULL DEFAULT '0000-00-00 00:00:00',
  `modified` datetime NOT NULL DEFAULT '0000-00-00 00:00:00',
  `expires` datetime NOT NULL DEFAULT '0000-00-00 00:00:00',
  PRIMARY KEY (`id`),
  KEY `context_key` (`context`,`key`)
) ENGINE=MyISAM AUTO_INCREMENT=1360 DEFAULT CHARSET=utf8;
/*!40101 SET character_set_client = @saved_cs_client */;

--
-- Dumping data for table `jos_componentarchitect_sessiondata`
--

LOCK TABLES `jos_componentarchitect_sessiondata` WRITE;
/*!40000 ALTER TABLE `jos_componentarchitect_sessiondata` DISABLE KEYS */;
INSERT INTO `jos_componentarchitect_sessiondata` VALUES (2,'com_componentarchitect_generate','f0b1bd0167fb9e8673ad7ee731cc778f','{\"initialise\":{\"logging\":false,\"code_template_name\":\"J 3.4 Standard\",\"component_name\":\"HW\"},\"stage_1\":{\"total_count\":2,\"current_count\":2,\"current_step\":\"2 of 2 fields processed - Stage 1 - Analysing Component completed\",\"start_time\":1501876869.978687,\"current_time\":1501876870.00375},\"stage_2\":{\"total_count\":0,\"current_count\":0,\"current_step\":\"\",\"start_time\":0,\"current_time\":0},\"stage_3\":{\"total_count\":0,\"current_count\":0,\"current_step\":\"\",\"start_time\":0,\"current_time\":0},\"completion\":{\"is_complete\":0,\"component_path\":\"\",\"zip_path\":\"\",\"zip_file\":\"\",\"error\":\"\",\"warnings\":[]}}','2017-08-04 20:01:09','2017-08-04 20:01:09','2017-08-04 20:16:09'),
(3,'com_componentarchitect_generate','5990a26dc2369b0f1e140423e6782830','{\"initialise\":{\"logging\":false,\"code_template_name\":\"J 3.4 Standard\",\"component_name\":\"HW\"},\"stage_1\":{\"total_count\":2,\"current_count\":2,\"current_step\":\"2 of 2 fields processed - Stage 1 - Analysing Component completed\",\"start_time\":1501889386.136138,\"current_time\":1501889386.326501},\"stage_2\":{\"total_count\":0,\"current_count\":0,\"current_step\":\"\",\"start_time\":0,\"current_time\":0},\"stage_3\":{\"total_count\":0,\"current_count\":0,\"current_step\":\"\",\"start_time\":0,\"current_time\":0},\"completion\":{\"is_complete\":0,\"component_path\":\"\",\"zip_path\":\"\",\"zip_file\":\"\",\"error\":\"\",\"warnings\":[]}}','2017-08-04 23:29:45','2017-08-04 23:29:45','2017-08-04 23:44:45'),
(9,'com_componentarchitect_generate','6fa06ba5f5c970f32c3f76b388713350','{\"initialise\":{\"logging\":false,\"code_template_name\":\"J 3.4 Standard\",\"component_name\":\"HW\"},\"stage_1\":{\"total_count\":2,\"current_count\":2,\"current_step\":\"2 of 2 fields processed - Stage 1 - Analysing Component completed\",\"start_time\":1501893799.946655,\"current_time\":1501893799.973909},\"stage_2\":{\"total_count\":0,\"current_count\":0,\"current_step\":\"\",\"start_time\":0,\"current_time\":0},\"stage_3\":{\"total_count\":0,\"current_count\":0,\"current_step\":\"\",\"start_time\":0,\"current_time\":0},\"completion\":{\"is_complete\":0,\"component_path\":\"\",\"zip_path\":\"\",\"zip_file\":\"\",\"error\":\"\",\"warnings\":[]}}','2017-08-05 00:43:19','2017-08-05 00:43:19','2017-08-05 00:58:19'),
(10,'com_componentarchitect_generate','20292bb4168eca2cba4810e96fdaccd1','{\"initialise\":{\"logging\":false,\"code_template_name\":\"J 3.4 Standard\",\"component_name\":\"HW\"},\"stage_1\":{\"total_count\":2,\"current_count\":2,\"current_step\":\"2 of 2 fields processed - Stage 1 - Analysing Component completed\",\"start_time\":1501904205.252661,\"current_time\":1501904205.277105},\"stage_2\":{\"total_count\":0,\"current_count\":0,\"current_step\":\"\",\"start_time\":0,\"current_time\":0},\"stage_3\":{\"total_count\":0,\"current_count\":0,\"current_step\":\"\",\"start_time\":0,\"current_time\":0},\"completion\":{\"is_complete\":0,\"component_path\":\"\",\"zip_path\":\"\",\"zip_file\":\"\",\"error\":\"\",\"warnings\":[]}}','2017-08-05 03:36:45','2017-08-05 03:36:45','2017-08-05 03:51:45');
/*!40000 ALTER TABLE `jos_componentarchitect_sessiondata` ENABLE KEYS */;
UNLOCK TABLES;
/*!40103 SET TIME_ZONE=@OLD_TIME_ZONE */;

/*!40101 SET SQL_MODE=@OLD_SQL_MODE */;
/*!40014 SET FOREIGN_KEY_CHECKS=@OLD_FOREIGN_KEY_CHECKS */;
/*!40014 SET UNIQUE_CHECKS=@OLD_UNIQUE_CHECKS */;
/*!40101 SET CHARACTER_SET_CLIENT=@OLD_CHARACTER_SET_CLIENT */;
/*!40101 SET CHARACTER_SET_RESULTS=@OLD_CHARACTER_SET_RESULTS */;
/*!40101 SET COLLATION_CONNECTION=@OLD_COLLATION_CONNECTION */;
/*!40111 SET SQL_NOTES=@OLD_SQL_NOTES */;

-- Dump completed on 2017-10-29 19:57:40
